#include <dos.h>
#include <stdlib.h>
#include <string.h>

#include "types.h"
#include "english.h"

#undef inportb
#undef outportb

#include "types.h"
#include "phoneme.h"
static char achPhonemeSpace[] =
{
		0x00,0x00,0x00,0x00,0x00,0x00,0x00,0x00,
		0x00,0x00,0x00,0x00,0x00,0x00,0x00,0x00,
		0x00,0x00,0x00,0x00,0x00,0x00,0x00,0x00,
		0x00,0x00,0x00,0x00,0x00,0x00,0x00,0x00,
		0x00,0x00,0x00,0x00,0x00,0x00,0x00,0x00,
		0x00,0x00,0x00,0x00,0x00,0x00,0x00,0x00,
		0x00,0x00,0x00,0x00,0x00,0x00,0x00,0x00,
		0x00,0x00,0x00,0x00,0x00,0x00,0x00,0x00,
		0x00,0x00,0x00,0x00,0x00,0x00,0x00,0x00,
		0x00,0x00,0x00,0x00,0x00,0x00,0x00,0x00,
		0x00,0x00,0x00,0x00,0x00,0x00,0x00,0x00,
		0x00,0x00,0x00,0x00,0x00,0x00,0x00,0x00,
		0x00,0x00,0x00,0x00,0x00,0x00,0x00,0x00,
		0x00,0x00,0x00,0x00,0x00,0x00,0x00,0x00,
		0x00,0x00,0x00,0x00,0x00,0x00,0x00,0x00,
		0x00,0x00,0x00,0x00,0x00,0x00,0x00,0x00,
		0x00,0x00,0x00,0x00,0x00,0x00,0x00,0x00,
		0x00,0x00,0x00,0x00,0x00,0x00,0x00,0x00,
		0x00,0x00,0x00,0x00,0x00,0x00,0x00,0x00,
		0x00,0x00,0x00,0x00,0x00,0x00,0x00,0x00,
		0x00,0x00,0x00,0x00,0x00,0x00,0x00,0x00,
		0x00,0x00,0x00,0x00,0x00,0x00,0x00,0x00,
		0x00,0x00,0x00,0x00,0x00,0x00,0x00,0x00,
		0x00,0x00,0x00,0x00,0x00,0x00,0x00,0x00,
		0x00,0x00,0x00,0x00,0x00,0x00,0x00,0x00,
		0x00,0x00,0x00,0x00,0x00,0x00,0x00,0x00,
		0x00,0x00,0x00,0x00,0x00,0x00,0x00,0x00,
		0x00,0x00,0x00,0x00,0x00,0x00,0x00,0x00,
		0x00,0x00,0x00,0x00,0x00,0x00,0x00,0x00,
		0x00,0x00,0x00,0x00,0x00,0x00,0x00,0x00,
		0x00,0x00,0x00,0x00,0x00,0x00,0x00,0x00,
		0x00,0x00,0x00,0x00,0x00,0x00,0x00,0x00,
		0x00,0x00,0x00,0x00,0x00,0x00,0x00,0x00,
		0x00,0x00,0x00,0x00,0x00,0x00,0x00,0x00,
		0x00,0x00,0x00,0x00,0x00,0x00,0x00,0x00,
		0x00,0x00,0x00,0x00,0x00,0x00,0x00,0x00,
		0x00,0x00,0x00,0x00,0x00,0x00,0x00,0x00,
		0x00,0x00,0x00,0x00,0x00,0x00,0x00,0x00,
		0x00,0x00,0x00,0x00,0x00,0x00,0x00,0x00,
		0x00,0x00,0x00,0x00,0x00,0x00,0x00,0x00,
		0x00,0x00,0x00,0x00,0x00,0x00,0x00,0x00,
		0x00,0x00,0x00,0x00,0x00,0x00,0x00,0x00,
		0x00,0x00,0x00,0x00,0x00,0x00,0x00,0x00,
		0x00,0x00,0x00,0x00,0x00,0x00,0x00,0x00,
		0x00,0x00,0x00,0x00,0x00,0x00,0x00,0x00,
		0x00,0x00,0x00,0x00,0x00,0x00,0x00,0x00,
		0x00,0x00,0x00,0x00,0x00,0x00,0x00,0x00,
		0x00,0x00,0x00,0x00,0x00,0x00,0x00,0x00,
		0x00,0x00,0x00,0x00,0x00,0x00,0x00,0x00,
		0x00,0x00,0x00,0x00,0x00,0x00,0x00,0x00,
		0x00,0x00,0x00,0x00,0x00,0x00,0x00,0x00,
		0x00,0x00,0x00,0x00,0x00,0x00,0x00,0x00,
		0x00,0x00,0x00,0x00,0x00,0x00,0x00,0x00,
		0x00,0x00,0x00,0x00,0x00,0x00,0x00,0x00,
		0x00,0x00,0x00,0x00,0x00,0x00,0x00,0x00,
		0x00,0x00,0x00,0x00,0x00,0x00,0x00,0x00,
		0x00,0x00,0x00,0x00,0x00,0x00,0x00,0x00,
		0x00,0x00,0x00,0x00,0x00,0x00,0x00,0x00,
		0x00,0x00,0x00,0x00,0x00,0x00,0x00,0x00,
		0x00,0x00,0x00,0x00,0x00,0x00,0x00,0x00,
		0x00,0x00,0x00,0x00,0x00,0x00,0x00,0x00,
		0x00,0x00,0x00,0x00,0x00,0x00,0x00,0x00,
		0x00,0x00,0x00,0x00,0x00,0x00,0x00,0x00,
		0x00,0x00,0x00,0x00,0x00,0x00,0x00,0x00,
		0x00,0x00,0x00,0x00,0x00,0x00,0x00,0x00,
		0x00,0x00,0x00,0x00,0x00,0x00,0x00,0x00,
		0x00,0x00,0x00,0x00,0x00,0x00,0x00,0x00,
		0x00,0x00,0x00,0x00,0x00,0x00,0x00,0x00,
		0x00,0x00,0x00,0x00,0x00,0x00,0x00,0x00,
		0x00,0x00,0x00,0x00,0x00,0x00,0x00,0x00,
		0x00,0x00,0x00,0x00,0x00,0x00,0x00,0x00,
		0x00,0x00,0x00,0x00,0x00,0x00,0x00,
};
static char achPhonemeU[] =
{
		0x3F,0xFF,0xFF,0xF0,0xFC,0xFE,0xFC,0x00,
		0x00,0x00,0x7F,0xFF,0xFF,0x80,0x00,0x01,
		0xFF,0xFC,0x00,0x00,0x7F,0xFF,0xFF,0xFC,
		0x00,0x01,0xFF,0xFF,0x00,0x00,0x00,0x1C,
		0x1F,0xFF,0xFF,0xF1,0xFC,0xFF,0x80,0x00,
		0x00,0x00,0x3F,0xFF,0xFF,0xF0,0xFC,0xFF,
		0x7C,0x00,0x00,0x00,0x3F,0xFF,0xFF,0x84,
		0x00,0x01,0xFF,0x00,0x00,0x00,0x7F,0xFF,
		0xFF,0xFC,0x00,0x1F,0xFF,0xF0,0x00,0x00,
		0x00,0x03,0x83,0xFF,0xFF,0xFF,0xFF,0x1F,
		0xE0,0x00,0x00,0x00,0x07,0xFF,0xFF,0xFF,
		0x3F,0x9F,0x00,0x00,0x00,0x00,0x0F,0xFF,
		0xFF,0xC0,0xC0,0x00,0xFF,0xFE,0x00,0x00,
		0x47,0xFF,0xFF,0xFE,0x00,0x03,0xFF,0xFF,
		0x00,0x00,0x00,0x07,0x0F,0xFF,0xFF,0xFF,
		0xFF,0x3F,0xC0,0x00,0x00,0x00,0x1F,0xFF,
		0xFF,0xFC,0x3F,0x3F,0x06,0x00,0x00,0x00,
		0x1F,0xFF,0xFF,0x07,0x00,0x07,0xFF,0xF0,
		0x00,0x00,0x0F,0xFF,0xFF,0xF0,0x00,0x0F,
		0xFF,0xFC,0x00,0x00,0x00,0x0F,0x9F,0xFF,
		0xFF,0xFF,0xFF,0x7F,0x80,0x00,0x00,0x00,
		0x3F,0xFF,0xFF,0xFC,0x7F,0xFF,0x00,0x00,
		0x00,0x00,0x3F,0xFF,0xFC,0x30,0x00,0xFF,
		0xFF,0xC0,0x00,0x00,0x7F,0xFF,0xFF,0xE0,
		0x00,0x1F,0xFF,0xE0,0x00,0x00,0x00,0x0F,
		0x1F,0xFF,0xFF,0xFF,0xFE,0x7F,0x80,0x00,
		0x00,0x00,0x7F,0xFF,0xFF,0xF8,0xFF,0x3F,
		0x00,0x00,0x00,0x00,0x3F,0xFF,0xFF,0xFE,
		0x03,0xF0,0xF8,0x00,0x00,0x0F,0xFF,0xFF,
		0xFF,0xE1,0xC0,0x7F,0xFE,0x00,0x00,0x00,
		0x00,0x0F,0x0F,0xFF,0xFF,0xFF,0xFC,0x3F,
		0x80,0x00,0x00,0x00,0x1F,0xFF,0xFF,0xFC,
		0xFE,0x1C,0x00,0x00,0x00,0x00,0x3F,0xFF,
		0xFE,0x3C,0x00,0x7F,0xFF,0xC0,0x00,0x00,
		0x7F,0xFF,0xFF,0xE0,0x00,0x0F,0xFF,0xC0,
		0x00,0x00,0x00,0x3C,0x7F,0xFF,0xFF,0xFF,
		0xF8,0xFF,0x00,0x00,0x00,0x00,0xFF,0xFF,
		0xFF,0xE1,0xFC,0xFC,0x00,0x00,0x00,0x00,
		0xFF,0xFF,0xFF,0xE0,0x03,0xE7,0xFF,0x00,
		0x00,0x01,0xFF,0xFF,0xFF,0x00,0x00,0xFF,
		0xFF,0x00,0x00,0x00,0x00,0xF1,0xFF,0xFF,
		0xFF,0xFF,0xC7,0xF8,0x00,0x00,0x00,0x03,
		0xFF,0xFF,0xFF,0x87,0xE3,0xE0,0x00,0x00,
		0x00,0x03,0xFF,0xFF,0xFF,0xE0,0x3E,0x3F,
		0x80,0x00,0x00,0xFF,0xFF,0xFF,0xFC,0x00,
		0x07,0xFF,0xE0,0x00,0x00,0x00,0x03,0xC3,
		0xFF,0xFF,0xFF,0xFF,0x0F,0xE0,0x00,0x00,
		0x00,0x07,0xFF,0xFF,0xFF,0x1F,0x87,0x80,
		0x00,0x00,0x00,0x0F,0xFF,0xFF,0xFF,0xC0,
		0x78,0x3F,0x00,0x00,0x00,0xFF,0xFF,0xFF,
		0xFC,0xF0,0x1F,0xF3,0xC0,0x00,0x00,0x00,
		0x07,0x07,0xFF,0xFF,0xFF,0xFF,0x1F,0xC0,
		0x00,0x00,0x00,0x0F,0xFF,0xFF,0xFE,0x3F,
		0x0E,0x00,0x00,0x00,0x00,0x0F,0xFF,0xFF,
		0xFF,0xC0,0xF0,0x7E,0x00,0x00,0x01,0xFF,
		0xFF,0xFF,0xFF,0xE0,0x1F,0xCF,0x80,0x00,
		0x00,0x00,0x07,0x0F,0xFF,0xFF,0xFF,0xFE,
		0x3F,0xC0,0x00,0x00,0x00,0x1F,0xFF,0xFF,
		0xFC,0x7E,0x1E,0x00,0x00,0x00,0x00,0x1F,
		0xFF,0xFF,0xFF,0x01,0xE0,0xFC,0x00,0x00,
		0x03,0xFF,0xFF,0xFF,0xFF,0xE0,0x7F,0xFF,
		0x80,0x00,0x00,0x00,0x70,0xFF,0xFF,0xFF,
		0xFF,0xE1,0xFE,0x00,0x00,0x00,0x00,0xFF,
		0xFF,0xFF,0xC3,0xF0,0xF0,0x00,0x00,0x00,
		0x00,0xFF,0xFF,0xFF,0xF8,0x0F,0x0F,0xF0,
		0x00,0x00,0x0F,0xFF,0xFF,0xFF,0xFE,0x00,
		0xFF,0xFC,0x00,0x00,0x00,0x01,0xC1,0xFF,
		0xFF,0xFF,0xFF,0x87,0xF8,0x00,0x00,0x00,
		0x03,0xFF,0xFF,0xFF,0x0F,0xE3,0xC0,0x00,
		0x00,0x00,0x03,0xFF,0xFF,0xF0,0x40,0x00,
		0x7F,0xFE,0x00,0x00,0x01,0xFF,0xFF,0xFF,
		0x00,0x03,0xFF,0xFF,0x80,0x00,0x00,
};
static char achPhonemeA[] =
{
		0xF0,0x00,0xFC,0x03,0xFF,0x83,0xFF,0xF8,
		0x00,0x7E,0x00,0x1F,0xC0,0x07,0xFF,0x80,
		0x1F,0xE0,0x07,0xF0,0x01,0xFF,0x03,0xFF,
		0xFF,0x7F,0xFF,0x03,0xFF,0xE0,0xC0,0x3F,
		0x00,0x0F,0xE0,0x3F,0xF8,0x3F,0xFF,0x80,
		0x01,0xF8,0x00,0xFE,0x03,0xFF,0xC3,0xFF,
		0xF8,0x00,0x3F,0x00,0x0F,0xC0,0x03,0xF8,
		0x77,0xE7,0xF0,0x01,0xF8,0x00,0xFF,0x00,
		0xFF,0xFF,0x67,0xFF,0x80,0xFF,0xFC,0x7C,
		0x07,0xE0,0x01,0xFC,0x07,0xFF,0x07,0xF3,
		0xF8,0x00,0x3F,0x00,0x1F,0x80,0x7F,0xF8,
		0x7E,0xFF,0x00,0x07,0xC0,0x01,0xF8,0x00,
		0xFF,0x0F,0xF0,0xFF,0x00,0x3F,0x00,0x3F,
		0xC0,0x3F,0xFF,0xCF,0xFF,0xE0,0x1F,0xFF,
		0x3F,0x80,0xFC,0x00,0x3F,0x80,0xFF,0xE0,
		0xFE,0x7F,0x00,0x07,0xE0,0x01,0xF8,0x0F,
		0xFF,0x07,0xEF,0xF3,0x00,0xFC,0x00,0x3F,
		0x00,0x0F,0xE0,0x7F,0x8F,0xE0,0x03,0xF0,
		0x01,0xFC,0x03,0xFF,0xFF,0xCF,0xFE,0x00,
		0xFF,0xE3,0xFF,0x00,0xFC,0x00,0x7F,0x00,
		0xFF,0xC0,0xFC,0x7F,0x00,0x0F,0xC0,0x03,
		0xF0,0x1F,0xFE,0x1F,0x8F,0xFE,0x01,0xF8,
		0x00,0x7E,0x00,0x3F,0xC0,0x7F,0x1F,0x00,
		0x03,0xC0,0x03,0xF8,0x0F,0xFF,0xF0,0xFF,
		0xFC,0x01,0xFF,0xFF,0xFF,0x00,0xF8,0x00,
		0x7F,0x00,0xFF,0xC1,0xFC,0x7F,0x00,0x0F,
		0xC0,0x03,0xF0,0x1F,0xFE,0x1F,0x0F,0xE6,
		0x00,0xF8,0x00,0x7F,0x00,0x1F,0xFF,0x8C,
		0x0F,0xE0,0x07,0xF0,0x03,0xFC,0x07,0xFF,
		0xE0,0x0F,0xFC,0x00,0xFF,0x01,0xFF,0x80,
		0x7E,0x00,0x1F,0x80,0xFF,0xE0,0xFE,0x3F,
		0x00,0x07,0xE0,0x01,0xF8,0x0F,0xFF,0x0F,
		0xC7,0xFB,0x00,0xFC,0x00,0x1F,0x00,0x0F,
		0xF0,0x7F,0x8F,0xC0,0x01,0xE0,0x01,0xFE,
		0x03,0xFF,0xFE,0xFF,0xFF,0x00,0xFF,0xE7,
		0xFF,0xE0,0x1F,0x80,0x07,0xF0,0x1F,0xFC,
		0x1F,0xC7,0xE0,0x00,0xFC,0x00,0x3F,0x00,
		0xFF,0xE1,0xF0,0xFE,0x00,0x0F,0x80,0x03,
		0xF0,0x01,0xFC,0x0F,0xE0,0x3E,0x00,0x7F,
		0x00,0x7F,0xC0,0x7F,0xFF,0xF7,0xFF,0xC0,
		0x1F,0xFC,0x7F,0xF0,0x0F,0xC0,0x03,0xF8,
		0x0F,0xFE,0x0F,0xC7,0xF0,0x00,0x7E,0x00,
		0x3F,0x00,0xFF,0xF0,0xFC,0xFF,0x00,0x0F,
		0x80,0x03,0xF0,0x01,0xFE,0x1F,0xC0,0xFE,
		0x00,0x3F,0x00,0x3F,0xC0,0x7F,0xFF,0xCF,
		0xFF,0xE0,0x07,0xFE,0x3F,0xFC,0x07,0xE0,
		0x01,0xFC,0x07,0xFF,0x07,0xF1,0xF8,0x00,
		0x3F,0x00,0x1F,0x80,0x7F,0xF8,0x7E,0x7F,
		0x00,0x07,0xC0,0x01,0xF8,0x00,0xFF,0xCC,
		0x03,0xF8,0x00,0xFE,0x00,0xFF,0x80,0x7F,
		0xFF,0x01,0xFF,0x00,0x3F,0xF3,0xFF,0xF0,
		0x0F,0xC0,0x07,0xF0,0x0F,0xFC,0x0F,0xE3,
		0xF0,0x00,0x7E,0x00,0x3F,0x00,0xFF,0xF0,
		0xFC,0xFF,0x00,0x0F,0x80,0x03,0xF0,0x01,
		0xFC,0x1F,0xE0,0x38,0x00,0x1E,0x00,0x3F,
		0xF0,0xFF,0xFF,0xFD,0x9F,0xC0,0x07,0xF1,
		0xFF,0xFC,0x01,0xF8,0x00,0xFE,0x01,0xFF,
		0x81,0xFD,0xFE,0x00,0x1F,0x80,0x07,0xE0,
		0x1F,0xFC,0x3F,0x3F,0xC0,0x01,0xE0,0x00,
		0x7E,0x00,0x3F,0x09,0xF8,0x1F,0xC0,0x07,
		0xC0,0x0F,0xFC,0x1F,0xFF,0xF1,0xFF,0xFC,
		0x01,0xFF,0xFF,0xF8,0x07,0xE0,0x03,0xF8,
		0x07,0xFE,0x07,0xF1,0xF8,0x00,0x3F,0x00,
		0x3F,0x80,0xFF,0xF8,0x7F,0xFF,0x00,0x07,
		0xC0,0x01,0xF8,0x00,0xFE,0x1F,0xC0,0x7C,
		0x00,0x0F,0x00,0x1F,0xC0,0xFF,0xFF,0xE1,
		0xFF,0xE0,0x0F,0xFB,0xFF,0xF8,0x07,0xE0,
		0x01,0xFC,0x07,0xFF,0x07,0xF3,0xF8,0x00,
		0x7E,0x00,0x1F,0x80,0xFF,0xF0,0xFC,0x7F,
		0x00,0x07,0x80,0x01,0xF8,0x00,0xFF,0x03,
		0xE0,0x08,0x00,0x07,0x00,0x1F,0xF8,0x3F,
		0xFF,0xE7,0xFF,0xE0,0x0F,0xFF,0xFF,
};
static char achPhonemeB[] =
{
		0x00,0x00,0x00,0x00,0x00,0x00,0x00,0x00,
		0x00,0x00,0x00,0x00,0x03,0xFF,0xFF,0x98,
		0x38,0x00,0xFF,0x00,0x00,0x00,0x00,0x00,
		0xF8,0x38,0x00,0x00,0x7F,0xFF,0xFF,0xFF,
		0xE0,0x0F,0xFF,0x0F,0x80,0x00,0x00,0x0F,
		0xFF,0xFF,0x00,0x07,0xFF,0xFF,0xFF,0xFF,
		0x1F,0xFF,0xFF,0x00,0x00,0x00,0x00,0xFF,
		0xFF,0xE7,0xFF,0xFF,0xFF,0x00,0x00,0x00,
		0x00,0x7F,0xFF,0xFF,0xFF,0xFF,0xFE,0x00,
		0x00,0x00,0x03,0xFF,0xFF,0xFF,0xFF,0xFF,
		0xFF,0x00,0x00,0x00,0xFF,0x00,0x00,0x00,
		0x3F,0xFF,0xFF,0xC0,0xF8,0x0F,0x1F,0x00,
		0x00,0x03,0xFF,0xFF,0xFE,0x00,0x00,0x0C,
		0x00,0x00,0x00,0x07,0xFF,0xFF,0xFF,0xE0,
		0x07,0x8F,0xFF,0xF0,0xFF,0xFF,0xFF,0xF0,
		0x00,0x00,0x0F,0xFF,0xFF,0xE0,0xF8,0x0F,
		0x00,0x00,0x00,0x01,0xFF,0xFF,0xFF,0x00,
		0x00,0x00,0x00,0x00,0x00,0x0F,0xFF,0xFF,
		0xF0,0x00,0x00,0x10,0x3F,0xFF,0xFF,0xFF,
		0xFF,0xC0,0x00,0x00,0x01,0xFF,0xFF,0xFF,
		0x0F,0x80,0x60,0x00,0x00,0x00,0xFF,0xFF,
		0xFF,0xC0,0x00,0x00,0x00,0x00,0x01,0xFF,
		0xFF,0xFF,0x00,0x00,0x00,0x1F,0x3F,0xFF,
		0xFF,0xFF,0xFF,0xE0,0x00,0x00,0x00,0x03,
		0xFF,0xFF,0xFF,0x03,0x80,0x00,0x00,0x00,
		0x01,0xFF,0xFF,0xFF,0x00,0x00,0x00,0x3E,
		0x7F,0xFF,0xFF,0xFF,0xF8,0x00,0x00,0x07,
		0xFF,0xFF,0xFF,0x80,0x7F,0xFF,0xF8,0x00,
		0x00,0x00,0x00,0x07,0xFF,0xFF,0xFE,0x07,
		0x00,0x20,0x1C,0x00,0x00,0xFF,0xFF,0xFF,
		0x00,0x00,0x00,0x7F,0xFF,0xFF,0xFF,0xFF,
		0xFF,0x00,0x00,0x01,0xFF,0xFF,0xFF,0x80,
		0x00,0x0F,0x9F,0xFF,0xFF,0xFF,0xC0,0x00,
		0x01,0xE1,0xFF,0xFF,0x03,0x80,0x38,0x0F,
		0x00,0x00,0x3F,0xFF,0xFF,0xE0,0x00,0x00,
		0x0F,0xDF,0xFF,0xF3,0xFF,0xFF,0xC0,0x00,
		0x00,0x01,0xFF,0xFF,0xFF,0x00,0x00,0x0F,
		0xFF,0xFF,0xFF,0xFF,0xF0,0x00,0x00,0x3C,
		0x3F,0xFF,0xF0,0x78,0x03,0x00,0xE0,0x00,
		0x03,0xFF,0xFF,0xFC,0x00,0x00,0x01,0xFF,
		0xFF,0xFF,0xBF,0xFF,0xF8,0x00,0x00,0x01,
		0xFF,0xFF,0xE7,0x80,0x10,0x70,0x00,0x00,
		0x7F,0xFF,0xFF,0xF8,0x00,0x00,0x00,0x07,
		0xC7,0xFF,0xFF,0x0F,0x80,0x00,0x07,0x03,
		0xC7,0xFF,0xFF,0xFF,0x80,0x00,0x00,0x3F,
		0xFF,0xFF,0xF9,0xFC,0x0E,0x00,0x00,0x00,
		0x0F,0xFF,0xFF,0xE0,0x00,0x00,0x00,0x7F,
		0xFF,0xFF,0x9F,0x00,0x00,0x03,0xFF,0xFF,
		0xFF,0xF0,0x0C,0x01,0xF0,0xFF,0xFF,0x83,
		0xE0,0x3C,0x07,0x80,0x00,0x3F,0xFF,0xFF,
		0xF8,0x00,0x00,0x0F,0xC7,0xF0,0xFC,0x7F,
		0xFF,0xE0,0x00,0x00,0x01,0xFF,0xFF,0xE0,
		0xC0,0x01,0x00,0x00,0x00,0x03,0xFF,0xFF,
		0xFF,0x00,0x00,0x00,0x1F,0xF3,0xFF,0xFF,
		0xFF,0xE0,0x00,0x00,0x0F,0xFF,0x80,0x00,
		0x00,0x0F,0xFF,0xFC,0x18,0x00,0x40,0x3F,
		0x00,0x00,0x07,0xFF,0xFF,0xE0,0x00,0x00,
		0x3F,0xFF,0xFC,0x00,0xFF,0xFF,0xE0,0x00,
		0x00,0x3F,0xFF,0xFF,0x00,0x00,0x1F,0x9C,
		0x20,0x00,0x08,0xFF,0xFF,0x00,0x00,0x00,
		0x00,0x03,0x80,0xFF,0xFF,0xFF,0x00,0x00,
		0x00,0x00,0xFF,0x8C,0x20,0x00,0x00,0x00,
		0x00,0x18,0x66,0x00,0x00,0x01,0xFF,0xFF,
		0x80,0x00,0x00,0x0F,0xFF,0xFE,0xF8,0x00,
		0x60,0x00,0x00,0x03,0xFF,0xFF,0xE0,0x00,
		0x00,0x03,0xFF,0xE0,0x04,0x06,0x80,0x00,
		0x00,0x00,0x71,0xFF,0x00,0x00,0x00,0x00,
		0x00,0x00,0x00,0x0C,0x38,0x00,0x00,0x00,
		0x10,0x30,0x01,0x00,0x0E,0x0C,0x10,0x40,
		0x63,0x04,0x00,0x00,0x00,0x0E,0x00,0x00,
		0x00,0x00,0x21,0xE0,0x00,0x00,0x00,0x30,
		0x06,0x00,0x62,0x00,0x00,0x00,0x00,
};
static char achPhonemeD[] =
{
		0xC1,0xE0,0xFC,0xF3,0x9F,0xCF,0x19,0xC7,
		0xE1,0x9C,0x39,0x8E,0x38,0x1C,0xE7,0x3F,
		0x63,0xB8,0x71,0xE1,0xE1,0xC0,0x7E,0x1C,
		0x47,0x01,0xC7,0x70,0x1E,0x1B,0xC3,0xC0,
		0x38,0x1F,0x18,0xE0,0xF1,0xF0,0xFC,0x00,
		0xE0,0xE0,0x78,0x3C,0xE3,0x1E,0x3C,0xC0,
		0xE1,0xC4,0xE3,0x98,0x78,0xE1,0xFC,0x78,
		0x0F,0xC7,0x1C,0x71,0xC6,0x38,0xE7,0x87,
		0x3C,0x38,0xE3,0xF8,0x1F,0x01,0xF0,0x7C,
		0x1F,0x1C,0xF0,0x0F,0x87,0x00,0xE0,0x00,
		0x1C,0x07,0x03,0xF0,0x7F,0x1F,0xE3,0xF3,
		0xC7,0x18,0xF8,0x03,0x20,0x1C,0x1F,0x00,
		0x70,0x83,0xC3,0x80,0xFC,0x47,0xFF,0xCF,
		0xFD,0xFF,0xFC,0x77,0xE0,0x00,0x00,0x0F,
		0x00,0x40,0x78,0x1F,0x81,0xFF,0xFC,0x7F,
		0x8F,0xFF,0xE0,0x1E,0x04,0x00,0x00,0x3F,
		0x00,0x01,0x01,0xFC,0x01,0xFF,0xE3,0xF0,
		0x7F,0xFF,0xC7,0xFF,0xFF,0xFF,0x8F,0xF0,
		0x00,0x01,0xE0,0x0E,0x01,0xFF,0xFC,0x7F,
		0xFF,0xCF,0xE0,0x3E,0x00,0x00,0x00,0x3C,
		0x3E,0x0F,0xFF,0xFE,0x7E,0x00,0x00,0x00,
		0x08,0x07,0xFF,0xFF,0xFF,0xFF,0xFF,0xFF,
		0xF0,0x00,0x00,0x00,0x01,0xF0,0x0F,0x80,
		0xFF,0xFF,0xFF,0xFF,0x83,0xE0,0x00,0x00,
		0x00,0x7E,0xFF,0xFF,0xFF,0xF8,0x04,0x00,
		0x00,0x00,0x03,0xFF,0xFF,0xFF,0xFF,0xFC,
		0x00,0x00,0x03,0xFF,0xFF,0xFF,0xE0,0x03,
		0xE0,0x1F,0x00,0x3F,0xFF,0xFF,0xFE,0x0F,
		0xE0,0x00,0x00,0x3F,0xE0,0xFF,0xFF,0xFF,
		0xC0,0x00,0x00,0x00,0x01,0xFF,0xFF,0xFF,
		0xFF,0xFF,0x80,0x0E,0x00,0x1F,0xFF,0xFF,
		0xFF,0x80,0x00,0xE0,0x07,0xE0,0x1F,0xFF,
		0xFF,0xF0,0x01,0xE0,0x00,0x00,0x1F,0xFF,
		0xFF,0xFF,0xFF,0x80,0x00,0x00,0x01,0xE0,
		0x7F,0xFF,0xFF,0x80,0x3C,0x00,0x00,0x0F,
		0xFF,0xFF,0xFF,0xFF,0xF8,0x00,0x00,0x00,
		0x7F,0xC0,0xFF,0xFF,0xF8,0x00,0x00,0x00,
		0x00,0x00,0xFF,0xFF,0xFF,0x80,0x70,0x00,
		0x00,0x00,0xFF,0xFF,0xFF,0xFF,0xF0,0x00,
		0x00,0x03,0xFF,0xFF,0xFF,0xFF,0xFF,0xFF,
		0xE0,0x00,0x00,0x00,0x1F,0xFE,0x1F,0xFF,
		0xFE,0x00,0x00,0x00,0x01,0xFE,0x1F,0xFF,
		0xFF,0x80,0x00,0x00,0x00,0x00,0x3F,0xFF,
		0xFF,0xE0,0x00,0x00,0x00,0x00,0xFF,0xFF,
		0xFF,0xFC,0x3F,0xF0,0x07,0x81,0xFE,0x00,
		0x08,0x03,0xFF,0x81,0xFF,0x7F,0xFC,0x00,
		0x00,0x1F,0xFF,0x01,0xFF,0xFF,0xFC,0x00,
		0x00,0x00,0x00,0x03,0xFF,0xFF,0xF8,0x00,
		0x00,0x00,0x00,0x3F,0xFF,0xFF,0xF0,0x1E,
		0x00,0x3F,0x07,0xFF,0xFF,0xC0,0x00,0x00,
		0x7F,0xF0,0x3F,0x8F,0xFF,0xE0,0x00,0x00,
		0xC1,0xF0,0x1F,0xFF,0xFF,0xC0,0x00,0x00,
		0x00,0x00,0x73,0xFF,0xFF,0xC0,0x00,0x00,
		0x00,0x00,0x3F,0xFF,0xFF,0xFC,0x00,0x38,
		0x00,0x00,0x7F,0xFF,0xFF,0x80,0x00,0x00,
		0xFF,0xF0,0x7F,0x8F,0xFF,0x00,0x00,0x01,
		0xE0,0xF8,0xFF,0xFF,0xFF,0x00,0x00,0x00,
		0x00,0x03,0xFF,0xFF,0xFF,0xF0,0x00,0x00,
		0x00,0x00,0x01,0xFF,0xFF,0xF0,0x00,0x00,
		0x00,0x00,0x1F,0xFF,0xFF,0xFF,0xF0,0x00,
		0x00,0x0F,0xFF,0x1F,0xF1,0xFF,0xF0,0x00,
		0x00,0x00,0x7F,0xFF,0xFF,0xFF,0xE0,0x00,
		0x00,0x01,0x00,0xFF,0xFF,0xFF,0xFF,0x80,
		0x00,0x00,0x00,0x30,0x1F,0xFF,0xFF,0xC0,
		0x00,0x00,0x0E,0x00,0x7F,0xFF,0xFF,0xEF,
		0xBF,0xFC,0x00,0x00,0x1F,0xFF,0x1F,0xE0,
		0xFF,0xFC,0x00,0x00,0x03,0xFF,0xFF,0xFF,
		0xFF,0xE0,0x00,0x00,0x03,0xC7,0xFF,0xFF,
		0xFF,0xFF,0xC0,0x00,0x00,0x0F,0xFF,0xFF,
		0xFF,0xFF,0xF0,0x00,0x00,0x1F,0xFF,0xFF,
		0xF3,0xFF,0xFC,0x00,0x00,0xFF,0xFF,0xF0,
		0x00,0x03,0xCF,0xF0,0x7F,0x07,0xFF,
};
static char achPhonemeG[] =
{
		0x00,0x00,0x00,0x00,0x00,0x00,0x00,0x00,
		0x00,0x00,0x00,0x00,0x00,0x00,0x7F,0xF0,
		0x00,0xFF,0xC0,0x00,0x0F,0xF8,0x00,0xFF,
		0xF8,0x0F,0xFF,0x00,0x3F,0xFE,0x1E,0x07,
		0xEF,0xC0,0xF0,0xFC,0x18,0x00,0xFF,0xE0,
		0x0F,0xFC,0x00,0x1F,0xE0,0x07,0xE1,0x0F,
		0xFC,0x60,0x07,0x83,0xF0,0x00,0x7F,0x01,
		0x37,0xEE,0x70,0x7C,0x00,0x0F,0xFF,0xE1,
		0xE0,0x3F,0xFF,0x02,0x1F,0xE0,0x01,0xFC,
		0x0E,0x02,0x00,0xFF,0xF8,0x0F,0xFF,0x01,
		0xF0,0x00,0x7E,0x40,0x7F,0xC0,0x1F,0xF8,
		0x01,0xFF,0xC0,0xEF,0xF8,0x38,0x7F,0xFE,
		0x0F,0x00,0xC0,0xE0,0x3E,0x3F,0x1F,0xFF,
		0x07,0xF0,0x00,0x3F,0xF0,0x07,0xFF,0x0F,
		0xFC,0xFF,0xFF,0x03,0x00,0x00,0x01,0xE0,
		0x3F,0xFC,0x03,0xFF,0x00,0x1F,0xE0,0x00,
		0xFC,0x00,0x1F,0x86,0x01,0xF9,0xC0,0x08,
		0x07,0x0F,0xC1,0xE3,0xFF,0xF8,0xFF,0xF0,
		0x03,0xC0,0x80,0x00,0x00,0x06,0x00,0x00,
		0x0F,0x00,0x03,0xFC,0x3F,0xFF,0xFF,0xFF,
		0x81,0xFE,0x18,0x00,0x80,0x00,0x00,0x00,
		0x03,0x00,0x03,0x7C,0x7F,0xFF,0xFF,0xF8,
		0xFF,0xFF,0x9F,0x3F,0xFF,0xF0,0x08,0x07,
		0x80,0x00,0x7C,0x00,0x07,0xE0,0xFF,0xFF,
		0xFF,0xFF,0xFF,0xF8,0x00,0x0F,0x00,0x00,
		0x00,0x00,0x00,0x01,0xFF,0xFF,0xFF,0xFF,
		0xFF,0xFF,0xFF,0xF2,0x00,0x00,0x01,0xC0,
		0x00,0x0F,0x00,0xF7,0xFF,0xFF,0xFF,0xFF,
		0xFF,0xC0,0x7C,0x00,0x00,0x00,0x00,0x70,
		0x07,0xFF,0xFF,0xFF,0xFF,0xFF,0xFF,0xFF,
		0x81,0xFF,0xFE,0x00,0x00,0x0F,0x00,0x00,
		0x7E,0x07,0xFF,0xFF,0xFF,0xF8,0x7F,0x80,
		0x00,0xC0,0x00,0x00,0x01,0xFF,0xE0,0xFF,
		0xFF,0xFF,0xF0,0x3F,0xC0,0x3F,0xFF,0xFF,
		0xFF,0xFF,0x00,0x00,0x78,0x00,0x01,0xF0,
		0x7F,0xFF,0xFF,0xFF,0xC3,0xF8,0x00,0x00,
		0x00,0x00,0x00,0x3F,0xFF,0xFF,0xFF,0xFF,
		0xC0,0x00,0x00,0x00,0xFF,0xFF,0xFF,0xFF,
		0xFF,0x80,0x00,0x70,0x00,0x00,0xF1,0xFF,
		0xFF,0xFF,0xFF,0x81,0xE0,0x00,0x00,0x00,
		0x1F,0x81,0xFF,0xFF,0xFF,0xE0,0x00,0x00,
		0x00,0x00,0x1F,0xFF,0xFF,0xFF,0xFF,0xFF,
		0x00,0x00,0x03,0x00,0x00,0x3F,0xFF,0xFF,
		0xFF,0xFF,0xE0,0x00,0x00,0x00,0x00,0x1F,
		0xFF,0xFF,0xFF,0xFF,0xE0,0x00,0x00,0x00,
		0x00,0x3F,0xFF,0xFF,0xFF,0xFF,0xFC,0x00,
		0x00,0x00,0x00,0xE0,0x0F,0x3F,0xFF,0xFF,
		0xFF,0xFE,0x00,0x00,0x00,0x00,0x00,0xFF,
		0xFF,0xFF,0xFE,0x0F,0x00,0x00,0x00,0x00,
		0x1F,0xFF,0xFF,0xFF,0xFF,0x80,0x00,0x00,
		0xE0,0x00,0x00,0x00,0x3E,0x01,0xFF,0xFF,
		0xFF,0xF8,0x3F,0x80,0x60,0x00,0x03,0xF8,
		0x1F,0xFD,0xFF,0xFF,0x00,0x80,0x00,0x00,
		0x00,0x00,0x7F,0xFF,0xFF,0xFF,0xFF,0xC0,
		0x00,0x1F,0xFF,0xFF,0xFF,0x00,0x07,0x00,
		0x00,0x00,0x3F,0xFF,0xFF,0xF0,0x1F,0x00,
		0x00,0x00,0x03,0xFE,0x3F,0xFF,0xFF,0xF0,
		0x00,0x00,0x00,0x00,0x7F,0xFF,0xFF,0xFF,
		0xC0,0x80,0x00,0x01,0xFF,0xFF,0xFF,0xFF,
		0xFF,0x00,0x06,0x00,0x00,0x00,0xFF,0xFF,
		0xFF,0xE0,0x3E,0x00,0x00,0x00,0x3F,0xFE,
		0x7F,0xFF,0xFF,0x80,0x00,0x00,0x00,0x00,
		0xFF,0xFF,0xFF,0xE0,0x00,0x00,0x00,0x00,
		0xFF,0xFF,0xFF,0xFF,0xFF,0xC7,0xFE,0x00,
		0x01,0x80,0x1F,0xF0,0x7F,0xFF,0xFF,0xF0,
		0x0E,0x00,0x00,0x00,0xFF,0xFF,0xBF,0xE1,
		0xFF,0x80,0x00,0x00,0x01,0xF0,0x7F,0xFF,
		0xFF,0xC0,0x00,0x00,0x00,0x00,0x0F,0xFF,
		0xFF,0x87,0xCF,0x98,0x0C,0x00,0xFF,0xFB,
		0xFF,0xFF,0x00,0xE0,0x00,0x78,0x07,0xE7,
		0xFC,0xFE,0x07,0x80,0x00,0x00,0x0F,0x0F,
		0xFF,0xFC,0x3F,0xF0,0x01,0x80,0x00,
};
static char achPhonemeJ[] =
{
		0x1F,0xC0,0x3F,0x03,0xFC,0x03,0xF0,0x1F,
		0x07,0xC0,0xFF,0x83,0xFC,0x0F,0xF8,0x3F,
		0xC0,0x7F,0x03,0xC0,0xF0,0x0F,0xF0,0x7F,
		0x83,0x1F,0x01,0xF0,0x07,0xC1,0x9F,0x80,
		0xF8,0x73,0xC0,0x3F,0xC3,0xE2,0x0F,0xF8,
		0x3F,0x83,0xC7,0x1C,0x70,0xF8,0xF0,0xF8,
		0xE0,0xFE,0x0F,0x00,0xFF,0x07,0xC3,0xC7,
		0x00,0xEF,0x0F,0x1F,0x0E,0x3E,0x11,0xE1,
		0xFE,0x0F,0x0E,0x3F,0xC1,0xF0,0xF8,0x07,
		0x81,0xF0,0x63,0xF0,0x3F,0x1E,0x0F,0xF0,
		0xFF,0x0F,0x1E,0x03,0xE0,0x3F,0x01,0xE0,
		0x7C,0x03,0xF0,0x1F,0x00,0x1F,0x07,0xF0,
		0x3C,0x3E,0x07,0xF8,0x3F,0xE1,0xF0,0x1C,
		0x63,0xF8,0x0F,0xE0,0x1F,0x07,0x01,0xE1,
		0xE1,0xF8,0x1F,0x80,0x7F,0xC0,0xFC,0x1F,
		0x0F,0x03,0xF8,0x40,0xFF,0xE0,0x7C,0x1F,
		0x03,0xC1,0xE3,0x70,0x43,0x8F,0x0F,0xF8,
		0x3F,0x80,0xF7,0x81,0xF0,0x3F,0x0F,0x00,
		0xC7,0xC0,0xFE,0x04,0x78,0x78,0x0F,0xC0,
		0x1F,0x03,0xF8,0x78,0xF0,0xF8,0x3E,0x1C,
		0x3F,0x83,0xE0,0xC7,0x07,0x87,0x81,0xF8,
		0x3F,0x87,0x01,0xC3,0xC0,0xFF,0x03,0xDE,
		0x00,0xFC,0x0F,0x1C,0x3E,0x1E,0x0F,0x0F,
		0x80,0xFC,0x00,0xF1,0xC3,0xC3,0xCF,0x07,
		0x86,0x0F,0x80,0xFE,0x10,0x3C,0x78,0x71,
		0xE0,0x0F,0x9C,0x07,0xF0,0x7C,0x07,0x81,
		0xE1,0xF0,0xFC,0x3E,0x03,0xF0,0xFC,0xF8,
		0xF8,0x1F,0xF0,0x3C,0x06,0x7C,0x07,0x80,
		0x00,0x00,0xF8,0x3F,0x00,0xFF,0x81,0xFF,
		0x8F,0x00,0xF8,0x1C,0x00,0x07,0x02,0x01,
		0xFC,0x81,0xFF,0xFC,0x3F,0xFC,0xFF,0xE7,
		0xF9,0xC7,0xC3,0x80,0x80,0x78,0x00,0xC0,
		0x00,0x01,0xFF,0x87,0xF0,0xFF,0x3F,0x1F,
		0xFF,0x00,0xFC,0x00,0x00,0x00,0x00,0x00,
		0x00,0xFC,0x3F,0xFF,0xFF,0xFF,0xFF,0xFF,
		0xFF,0xFF,0xE0,0x00,0x01,0xC0,0x00,0x08,
		0x00,0xC3,0xF8,0x3F,0x9F,0xFF,0xFF,0xFF,
		0x3C,0x00,0xE0,0x00,0x00,0x00,0x00,0x00,
		0x0F,0xFF,0xFF,0xFF,0xFF,0xFF,0xFF,0xFF,
		0xFE,0xFC,0x00,0x01,0xE0,0x00,0x0F,0x00,
		0x1F,0xFF,0xFF,0xFF,0xFF,0xFC,0x1F,0xE0,
		0x00,0x00,0x00,0x00,0xC0,0x03,0xFF,0xFF,
		0xFF,0xFF,0xFF,0xFF,0xFF,0xFE,0x1F,0xFE,
		0x00,0x00,0x0F,0x00,0x00,0x7F,0x00,0x7F,
		0xFF,0xFF,0xFF,0xFF,0xE0,0x07,0xC0,0x00,
		0x00,0x00,0x0F,0xE0,0xFF,0xFF,0xFF,0xFF,
		0xFF,0xF8,0xFF,0xFF,0xFF,0xFF,0xFF,0x00,
		0x00,0x3E,0x00,0x01,0xF8,0x01,0xFF,0xFF,
		0xFF,0xFF,0xFF,0x00,0x0F,0x00,0x00,0x00,
		0x00,0xFF,0xFF,0xFF,0xFF,0xFF,0xC0,0x3E,
		0x00,0x07,0xFF,0xFF,0xFF,0xFF,0xC0,0x00,
		0x0F,0x00,0x00,0x7E,0xC0,0x3F,0xFF,0xFF,
		0xFF,0xFF,0xE0,0x00,0x00,0x00,0x00,0x01,
		0xFF,0xFF,0xFF,0xFF,0xFF,0x80,0x00,0x00,
		0x00,0x7F,0xFF,0xFF,0xFF,0xFF,0xFC,0x00,
		0x0F,0x00,0x00,0x78,0xF8,0x7F,0xFF,0xFF,
		0xFC,0xFF,0xE0,0x00,0x00,0x00,0x00,0x07,
		0xFF,0xFF,0xFF,0xFE,0x00,0x00,0x00,0x00,
		0x00,0x3F,0xFF,0xFF,0xFF,0xFF,0xFF,0xC0,
		0x00,0x0F,0x00,0x00,0xFF,0xFF,0xFF,0xFF,
		0xFF,0xC0,0x00,0x00,0x00,0x00,0x00,0x7E,
		0x3F,0xFF,0xFF,0xFF,0xF8,0x00,0x00,0x00,
		0x00,0x00,0xFF,0xFF,0xFF,0xFF,0xFF,0x80,
		0x00,0xC0,0x00,0x03,0xC0,0x00,0x7F,0xFF,
		0xFF,0xC3,0xFF,0xE0,0x00,0x00,0x00,0x00,
		0x1F,0xFF,0xFF,0xFF,0xFF,0xF0,0x00,0x00,
		0x00,0x00,0x7F,0xC0,0x3F,0xFF,0xFF,0xFF,
		0xFF,0xC0,0x00,0xFF,0xFF,0xFF,0x00,0x0F,
		0x80,0x00,0xF8,0x7E,0x3F,0x07,0xFF,0xC0,
		0x30,0x0E,0x00,0x00,0x3F,0xFE,0x0F,0xFF,
		0xFF,0xF0,0x00,0x1C,0x00,0x00,0x38,0x7C,
		0x1F,0xFF,0x07,0x9F,0x00,0xF0,0x00,
};
static char achPhonemeP[] =
{
		0x01,0x83,0xF8,0x00,0x1F,0x7F,0xCF,0x3F,
		0x80,0xC0,0x01,0xFF,0xC0,0x00,0x78,0x03,
		0xF8,0x38,0xC0,0x04,0x00,0x61,0x00,0x00,
		0x00,0x00,0x78,0xBF,0xF8,0x8F,0x8F,0xFF,
		0xFE,0x7F,0xFF,0xFB,0xFF,0xFC,0x00,0x07,
		0xFF,0xFF,0xFF,0xFF,0xFF,0xFF,0xFF,0xFE,
		0x00,0x00,0x00,0x00,0x00,0x00,0x00,0xFF,
		0xFF,0xFF,0xFF,0xFE,0x00,0xE0,0x00,0x00,
		0x07,0xFF,0xFF,0xFF,0xFE,0x00,0x00,0x00,
		0x00,0x01,0xFF,0xFF,0xFF,0xFF,0xFF,0xFF,
		0xFF,0xFF,0x00,0x00,0x00,0x00,0x00,0x00,
		0x00,0xF8,0x00,0x00,0x00,0x00,0x00,0x00,
		0x3F,0xFF,0xFF,0xFF,0xFF,0xFF,0xFF,0xFF,
		0xFF,0xFF,0xFF,0xFF,0xFF,0x00,0x00,0x01,
		0xFF,0xFF,0x00,0x00,0x1E,0x00,0x00,0x00,
		0x00,0x00,0x1F,0xFF,0x00,0xFF,0xFF,0xFF,
		0xFF,0xFF,0xFF,0xFF,0xFF,0xFF,0xFF,0xE0,
		0x00,0x3F,0x80,0x00,0x00,0x00,0x00,0x00,
		0x00,0x00,0x1F,0xFF,0xFC,0x07,0xFF,0xFF,
		0xFF,0xFF,0x00,0x00,0x03,0xFE,0x03,0xFF,
		0xFF,0xFF,0xFC,0x03,0xF0,0x00,0x00,0x1F,
		0xFF,0xFF,0xFF,0xFF,0xFF,0xFF,0xFF,0xFF,
		0xE0,0x00,0x00,0x00,0x00,0x00,0x00,0x00,
		0x00,0x00,0x00,0x01,0xFF,0xFF,0xFF,0xFF,
		0xC0,0x00,0x00,0x00,0x00,0x3F,0xFF,0xFF,
		0xFF,0xFF,0xFF,0xDF,0xFF,0xFF,0xC0,0x00,
		0x00,0x0F,0xFF,0xE0,0x00,0x00,0x47,0xFC,
		0x3E,0x0E,0x00,0x00,0x00,0x63,0xFF,0xFC,
		0x00,0x00,0x78,0x3E,0x00,0xE1,0xC3,0x00,
		0x00,0x3C,0x03,0xFF,0xF0,0xC0,0x03,0xFF,
		0xFF,0xFE,0x07,0xC0,0x1F,0xFF,0x1F,0xE0,
		0x1E,0x00,0x00,0x00,0x00,0x10,0xFF,0xE0,
		0x60,0x18,0x03,0xFC,0xFF,0x00,0x00,0x00,
		0x00,0x00,0x00,0x0F,0x01,0xFC,0x00,0x1F,
		0x01,0xFE,0x3F,0xFF,0xFF,0xF8,0x0F,0x00,
		0xFF,0xFF,0xFF,0x81,0xE0,0x00,0xFE,0x08,
		0x00,0x00,0x00,0xFF,0x9F,0xC0,0x00,0x00,
		0x00,0x73,0xFF,0xF8,0xE0,0x18,0x10,0x00,
		0x3C,0x03,0xC7,0xCF,0xF1,0xFF,0xFF,0xFF,
		0xFC,0xE0,0x3F,0xFF,0xFF,0xFF,0xFF,0xC0,
		0x00,0x00,0x00,0x00,0x00,0x00,0x03,0xC7,
		0xFF,0xF0,0x00,0x00,0x1C,0x7F,0x7F,0xC0,
		0xC3,0x80,0xFC,0x00,0x7F,0xF9,0xE2,0x01,
		0xF0,0xFF,0xFF,0xF1,0xFC,0x7F,0xFC,0x3F,
		0xFF,0xE0,0x00,0x00,0x0F,0xFF,0xFF,0xC0,
		0x80,0x00,0x00,0x00,0xFC,0x7F,0xFF,0x00,
		0x00,0x00,0x07,0xF3,0xFE,0x00,0xE7,0xFF,
		0xFF,0xFF,0xFF,0xF9,0xFF,0xFF,0xFF,0xC0,
		0x00,0x00,0x1F,0xFF,0xFF,0xC0,0x00,0x00,
		0x00,0x00,0x7C,0xFF,0xFF,0xF0,0x00,0x02,
		0x03,0xE0,0x00,0x00,0xFF,0xFF,0xFF,0xFF,
		0xFF,0x80,0x07,0x0F,0xFF,0xFF,0xC0,0x00,
		0x00,0x1F,0xFF,0xFF,0xE0,0x00,0x00,0x00,
		0x00,0x07,0xFF,0xFF,0xFC,0x00,0x00,0x71,
		0x70,0x00,0x00,0x00,0x1F,0xFF,0xFF,0xFF,
		0xFF,0xC7,0xFC,0x7F,0xFF,0xFF,0xFF,0xE0,
		0x00,0x00,0x03,0xFF,0xFF,0xFE,0x00,0x00,
		0x00,0x00,0x00,0xFF,0xFF,0xFF,0xC0,0x00,
		0x00,0x00,0xF8,0x03,0xFF,0xFE,0x00,0x00,
		0x00,0xFF,0xFF,0xFF,0xFF,0xFF,0xFF,0xFC,
		0x3F,0x30,0x00,0x00,0x00,0x03,0xFF,0xFF,
		0xF0,0x00,0x00,0x00,0x00,0x01,0xFF,0xFF,
		0xFC,0x00,0x00,0x01,0xFF,0xFF,0x07,0xFF,
		0xFF,0xE0,0x00,0x00,0x07,0xFF,0xFF,0xF0,
		0x01,0x0F,0xFF,0xFF,0xFF,0xF3,0xC0,0x00,
		0x00,0x00,0x3F,0xFF,0xFF,0xC0,0x00,0x00,
		0x00,0x00,0x3F,0xFF,0xFF,0xE0,0x00,0x00,
		0x03,0xFF,0xFF,0xFF,0xFF,0xF0,0x00,0x00,
		0x00,0x1F,0xFF,0xFF,0xFF,0xF8,0x00,0x00,
		0xFF,0xFF,0xFF,0xE0,0x00,0x00,0x00,0x00,
		0x07,0xFF,0xFF,0xF0,0x00,0x00,0x03,0x00,
		0x01,0xFF,0xFF,0xF8,0x00,0x00,0x03,
};
static char achPhonemeT[] =
{
		0x1F,0x03,0xC1,0xE0,0xF8,0x07,0xC1,0xE0,
		0xF0,0x7C,0x1F,0x04,0x3F,0x1C,0xE6,0x1C,
		0x86,0x71,0xC1,0xF8,0x01,0xF8,0x87,0x1F,
		0x87,0x81,0xF0,0xF0,0x71,0x1F,0x8F,0x1E,
		0xE3,0xE7,0x33,0x1C,0xC7,0x3B,0x98,0x39,
		0xC9,0x9C,0x78,0xE7,0x39,0xC7,0x67,0x27,
		0xC6,0x3A,0x39,0x99,0xB8,0xF0,0x78,0xF3,
		0x83,0x8E,0xE7,0x71,0xCC,0x79,0x1F,0x1F,
		0x1F,0x0F,0x03,0x89,0xE3,0xD8,0xF0,0x78,
		0xFC,0x0E,0x39,0xCC,0xE0,0xEE,0x73,0x1C,
		0x72,0x31,0x99,0x8F,0x1E,0x71,0xF0,0x78,
		0x78,0xCF,0x30,0x78,0x71,0x9C,0x3C,0xCE,
		0x7F,0x04,0xE0,0xF0,0x9E,0x0F,0x03,0xC3,
		0xE1,0xF8,0x8E,0x63,0x8E,0x1F,0x8E,0x39,
		0x8E,0x0F,0x07,0x87,0x1C,0x0E,0x3F,0x07,
		0x0F,0xC3,0x9F,0x1C,0x40,0xCC,0xF2,0x38,
		0xF6,0x3E,0x3E,0x07,0x30,0xF8,0xFE,0x7E,
		0x77,0x03,0x1E,0x03,0xC7,0x03,0xE0,0x71,
		0xC7,0x8F,0x41,0x0F,0x07,0xE0,0xE1,0x9C,
		0x70,0x3C,0x1E,0x1E,0x43,0xE3,0xB8,0xDC,
		0x78,0x67,0x03,0x0F,0x87,0xE0,0xF0,0x78,
		0x1C,0xC7,0x1F,0x86,0x1F,0xC7,0xE1,0xC0,
		0x7C,0x1E,0x1E,0x33,0x81,0xC0,0xFE,0x66,
		0x71,0x9F,0x03,0xC1,0xF8,0x0F,0x07,0x00,
		0x60,0x38,0xF0,0x3C,0xC3,0x39,0xCF,0x87,
		0xC1,0xF0,0x0E,0x1E,0x38,0xF8,0x0F,0x00,
		0xF8,0xF0,0x18,0xC7,0x98,0x3F,0x87,0xE1,
		0xC0,0x7F,0x0D,0xC7,0xC1,0xC0,0xF0,0xFC,
		0x7C,0x3F,0x01,0xF8,0xE1,0xE1,0xC0,0xF0,
		0x3E,0x0F,0x83,0xC0,0xE7,0x1F,0x83,0xF8,
		0xF8,0x79,0xCF,0xC1,0xF0,0xFC,0x00,0x18,
		0x00,0x38,0x00,0x00,0x00,0x00,0x00,0xF0,
		0x7E,0x02,0x00,0x00,0x00,0x03,0xDF,0xFF,
		0xFF,0xFF,0xFF,0xFF,0xFF,0xFF,0xFF,0x80,
		0x00,0x00,0x00,0x00,0x38,0x70,0x00,0x00,
		0x00,0x00,0x00,0x03,0xFF,0xFF,0xEF,0xE1,
		0x00,0x00,0x00,0x00,0x00,0x00,0x30,0x06,
		0x3F,0xFE,0xFC,0x3F,0x1F,0x80,0x00,0x00,
		0x00,0x00,0x00,0x00,0x03,0xFD,0xFF,0xFF,
		0xFF,0xF1,0xC0,0x00,0x00,0x00,0x00,0x00,
		0x01,0xFF,0xFF,0xFF,0xFF,0xFF,0xFF,0xFF,
		0xFE,0x00,0x20,0x00,0x00,0x00,0x00,0x01,
		0xC0,0x00,0x00,0x00,0x00,0x00,0x00,0x00,
		0x00,0x00,0x00,0x00,0x01,0xFF,0xFF,0xFF,
		0xFF,0xFF,0xFF,0xFF,0x20,0x00,0x01,0x00,
		0x00,0x00,0x00,0x00,0x00,0x00,0x00,0x00,
		0x00,0x00,0x03,0xFF,0xFF,0xFF,0xFF,0xFF,
		0xFF,0xFF,0xF8,0x00,0x00,0x00,0x00,0x02,
		0x7F,0xFF,0xFF,0xFF,0xFF,0xF8,0x00,0x00,
		0x00,0x00,0x00,0x07,0xFF,0xFF,0xFF,0xFF,
		0xFC,0x00,0x38,0xFF,0xFF,0xF8,0x00,0x00,
		0x00,0x00,0x1F,0xFF,0xFF,0xFF,0xFF,0xFF,
		0xFF,0xFF,0xFF,0xE0,0x00,0x00,0x00,0x00,
		0x00,0x00,0x00,0x00,0x00,0x00,0x00,0x00,
		0x00,0x00,0x00,0x0F,0xFF,0xFF,0xFF,0xFF,
		0xFF,0xFF,0xFF,0xFF,0xFF,0xFF,0xFF,0xFF,
		0xFF,0xFE,0x00,0x00,0x00,0x00,0x00,0x00,
		0x00,0x00,0x00,0x1F,0xFF,0xFF,0xFF,0xFF,
		0xFF,0xFF,0xFF,0xF8,0x70,0x00,0x00,0x00,
		0x00,0x03,0xC0,0x00,0x00,0x00,0x00,0xFF,
		0xB8,0x01,0x7F,0xF8,0x00,0x00,0xC0,0xFE,
		0x00,0x00,0x00,0x00,0x00,0x00,0x00,0x00,
		0x00,0xFF,0xFF,0xFF,0xFF,0xFF,0xFF,0xFF,
		0xFF,0xFF,0xF8,0x00,0x00,0x00,0x00,0x00,
		0x00,0x00,0x00,0x40,0xFF,0x1F,0x7E,0x70,
		0xE0,0x3F,0xE0,0x40,0x00,0x80,0x00,0x00,
		0x00,0x00,0x00,0x00,0x00,0x00,0x00,0x00,
		0x00,0x00,0x00,0x00,0x00,0x00,0x00,0x00,
		0x00,0xFF,0xFF,0xFF,0xFF,0xFF,0xFF,0xDF,
		0xFF,0xFF,0xFF,0xBF,0x0E,0x00,0x01,0x00,
		0x00,0x00,0x00,0x00,0x00,0x00,0x00,0x00,
		0x00,0x00,0x00,0x00,0x00,0x00,0x00,
};
static char achPhonemeK[] =
{
		0x00,0x00,0x01,0xE0,0x00,0x01,0x00,0x00,
		0x00,0xF0,0x00,0x03,0xC0,0x00,0x06,0x1C,
		0x80,0x08,0x00,0x00,0x80,0xE0,0x70,0x00,
		0x8C,0x00,0x00,0x00,0x01,0x00,0x00,0x60,
		0x00,0x00,0x00,0x00,0x00,0x00,0x00,0x00,
		0x00,0x00,0x00,0x00,0x01,0x40,0x00,0x00,
		0x0C,0x00,0x00,0x00,0x20,0x00,0x00,0x00,
		0x01,0x00,0x00,0x02,0x00,0x00,0x00,0x00,
		0x00,0x00,0x00,0x00,0x00,0x30,0x00,0x00,
		0x00,0x00,0x00,0x00,0x00,0x00,0x00,0x00,
		0x00,0x00,0x00,0x00,0x00,0x00,0x00,0x00,
		0x00,0x00,0x00,0x00,0x00,0x00,0x00,0x00,
		0x00,0x00,0x00,0x00,0x00,0x00,0x00,0x00,
		0x00,0x00,0x40,0xC0,0x08,0x00,0x00,0x00,
		0x00,0x00,0x04,0x01,0x00,0x00,0x00,0x00,
		0x08,0x02,0x04,0x01,0x00,0x00,0x00,0x00,
		0x01,0x88,0x60,0x0F,0xE3,0x83,0xF9,0xC3,
		0xF9,0xE0,0x0F,0xFC,0x00,0xFF,0xC0,0x07,
		0xF8,0x06,0x3E,0x0F,0x03,0xF8,0x60,0x7E,
		0x00,0xE0,0x7E,0x78,0x07,0xF7,0x01,0xFF,
		0xE0,0x03,0xFF,0x00,0xFF,0xE0,0x01,0xFE,
		0x00,0x1F,0xFF,0x00,0xFF,0xC0,0x3F,0xFC,
		0x03,0x87,0x40,0x0F,0xFE,0x00,0xFF,0x00,
		0x03,0xFB,0x00,0xFF,0x00,0x07,0x97,0xC0,
		0x0F,0xF0,0x0D,0xFF,0x00,0x0F,0xB8,0x01,
		0xFE,0x00,0x3F,0xB8,0x03,0x3E,0xC0,0x3F,
		0xF8,0x06,0x7F,0x00,0xCF,0x80,0x03,0xFE,
		0x00,0x83,0xE0,0x00,0x7C,0x0F,0xFF,0x01,
		0xDF,0xC0,0x0F,0xC7,0xE0,0x10,0x1E,0x07,
		0x87,0xC0,0xF1,0xF8,0x63,0x1C,0xE0,0x00,
		0xFC,0x00,0x1F,0x07,0x07,0x81,0xE7,0xE0,
		0xDE,0x3C,0x0F,0x8F,0x01,0xFE,0x7C,0x3F,
		0xBD,0x83,0xF1,0xC0,0x3D,0xC4,0x78,0x3E,
		0x0E,0x7F,0x80,0xFF,0xE0,0x03,0xDC,0x43,
		0x07,0xFC,0x03,0xC0,0x70,0xF8,0x7E,0x1F,
		0x0F,0x07,0xC1,0xF0,0x78,0x3E,0x3F,0x07,
		0xEF,0x81,0xC1,0xF0,0xF8,0x0F,0xFC,0x07,
		0xFE,0x03,0xE0,0x00,0x38,0x1F,0x8F,0x87,
		0xC0,0xF0,0x1F,0x07,0xC7,0x81,0xE0,0xFE,
		0x18,0x0F,0xC0,0x07,0xFF,0x80,0xFF,0x80,
		0x0F,0xFE,0x07,0xCF,0xC1,0x00,0xFC,0x04,
		0x0F,0x87,0x80,0xFF,0x78,0x1F,0xFE,0x07,
		0x7F,0x03,0xEF,0xE0,0x00,0xFF,0x00,0x1F,
		0xE0,0x1F,0x8F,0x0F,0x03,0xC1,0xE0,0x7C,
		0xF8,0x38,0x7F,0x07,0x1F,0x8F,0x86,0x31,
		0xFE,0x00,0x0F,0xF0,0x01,0xFC,0xC0,0x1F,
		0xCF,0x00,0x0F,0xE0,0x30,0x7E,0x3C,0x1F,
		0xFC,0x01,0xFF,0xC0,0x3F,0xF8,0x01,0xFF,
		0x00,0x03,0xFC,0x00,0x07,0xC7,0x80,0x3F,
		0xC0,0xF0,0x7C,0x00,0x1F,0xE0,0xF0,0x70,
		0xF8,0x3F,0x8C,0x07,0x83,0xE1,0xF0,0xFC,
		0x00,0x1F,0x80,0x07,0xC3,0x03,0x73,0x80,
		0x76,0x78,0x3C,0x00,0xF0,0x38,0x38,0x1F,
		0x0E,0x1C,0xF0,0x00,0xF0,0xC0,0x1C,0x38,
		0x01,0xCE,0x38,0xEE,0x7F,0xFC,0xE0,0x7F,
		0x80,0x0F,0xF0,0x00,0xFF,0xFF,0xFF,0xFF,
		0x00,0x7F,0xFF,0xFC,0x07,0xFF,0x1E,0x7F,
		0xCF,0x9F,0x80,0x00,0x00,0x30,0x0E,0x00,
		0xFF,0x80,0xFF,0xF0,0x18,0x00,0x00,0x00,
		0x01,0x07,0x38,0xFF,0x00,0x3F,0xF0,0x1B,
		0x3F,0xFE,0x00,0x00,0x00,0x00,0x1F,0xFF,
		0xFC,0x7F,0xFE,0x07,0xFF,0xC3,0xDF,0xF8,
		0x1C,0x3F,0xF8,0x00,0xEF,0x00,0x1F,0xF7,
		0x0F,0xFF,0x01,0xC0,0xFE,0xC0,0x1F,0xF8,
		0x00,0x07,0x80,0x00,0x00,0x00,0x0F,0x00,
		0x00,0xFF,0xFC,0xFF,0xFF,0xFF,0xFF,0xF8,
		0x1C,0x0F,0x03,0x8F,0xC0,0x00,0xFE,0x3E,
		0x7F,0xFF,0xFF,0xDF,0xFF,0xFF,0xF8,0x00,
		0x7E,0x00,0x00,0x00,0x00,0x00,0x18,0x07,
		0xFF,0xC0,0xE7,0xFF,0xF0,0x3F,0xF0,0x04,
		0x1F,0xC0,0x07,0xFE,0x00,0x10,0xFC,0x00,
		0x00,0x30,0x01,0xDF,0x00,0x1F,0x01,
};
static char achPhonemeW[] =
{
		0xFF,0xFF,0xC0,0x00,0x00,0x00,0x00,0x00,
		0x00,0x00,0x3F,0xFF,0xFF,0xFF,0xFF,0xFF,
		0xFC,0x00,0x00,0x00,0x00,0x00,0x00,0x00,
		0x00,0x00,0x00,0x07,0xFF,0xFF,0xFF,0xFF,
		0xFF,0xFF,0xFF,0xFF,0xFF,0x9C,0x00,0x00,
		0x00,0x00,0x00,0x00,0x0F,0xFF,0xFF,0xFF,
		0xFF,0xFF,0xF0,0x00,0x00,0x00,0x00,0x00,
		0x00,0x00,0x00,0x00,0x00,0x0F,0xFF,0xFF,
		0xFF,0xFF,0xFF,0xFF,0xFF,0xFF,0xFF,0xFF,
		0xE0,0x00,0x00,0x00,0x00,0x00,0x01,0xFF,
		0xFF,0xFF,0xFF,0xFF,0xFC,0x00,0x00,0x00,
		0x00,0x00,0x00,0x00,0x00,0x00,0x00,0x0F,
		0xFF,0xFF,0xFF,0xFF,0xFF,0xFE,0xFF,0xFF,
		0xFF,0xFF,0xFE,0x00,0x00,0x00,0x00,0x00,
		0x00,0xFF,0xFF,0xFF,0xFF,0xFF,0x00,0x00,
		0x00,0x00,0x00,0x00,0x00,0x00,0x00,0x00,
		0x1F,0xFF,0xFF,0xFF,0xFF,0xFC,0x00,0x00,
		0x07,0xFF,0xFF,0xFF,0xFF,0xC0,0x00,0x00,
		0x00,0x00,0x00,0x3F,0xFF,0xFF,0xFF,0xFF,
		0xF0,0x00,0x00,0x00,0x00,0x00,0x00,0x00,
		0x01,0xFF,0xFF,0xFF,0xFF,0xC0,0x00,0x00,
		0x00,0x01,0xFF,0xFF,0xFF,0xFF,0xFF,0xF0,
		0x00,0x00,0x00,0x00,0x00,0x1F,0xFF,0xFF,
		0xFF,0xFF,0xF8,0x00,0x00,0x00,0x00,0x00,
		0x1F,0xFF,0xFF,0xFF,0xFF,0xFF,0xE0,0x00,
		0x00,0x00,0x00,0x7F,0xFF,0xFF,0xFF,0xFF,
		0xF8,0x00,0x00,0x00,0x00,0x00,0x00,0x00,
		0x1F,0xFF,0xFF,0xFF,0xFE,0x00,0x00,0x00,
		0x00,0x3F,0xFF,0xFF,0xFF,0xFF,0xFF,0xFF,
		0xF0,0x00,0x00,0x00,0x00,0x7F,0xFF,0xFF,
		0xFF,0xC0,0x00,0x00,0x01,0xFF,0xFF,0xF0,
		0x00,0x00,0x00,0x0F,0xFF,0xFF,0xFF,0xE0,
		0x00,0x00,0x00,0xFF,0xFF,0xFE,0x00,0x00,
		0x0F,0xFF,0xFF,0xF0,0x00,0x00,0x00,0x0F,
		0xFF,0xFF,0xFF,0x00,0x00,0x00,0x0F,0xFF,
		0xFF,0xFF,0xFF,0xC0,0x00,0x00,0x00,0x00,
		0x00,0x7F,0xFF,0xFF,0xFE,0x00,0x00,0x00,
		0x00,0x1F,0xFF,0xFF,0xFF,0xFF,0xFF,0x00,
		0x00,0x00,0x00,0x07,0xFF,0xFF,0xFF,0xC0,
		0x00,0x00,0x00,0x1F,0xFF,0xFF,0xFF,0xFF,
		0xFF,0xFE,0x00,0x00,0x00,0x00,0x3F,0xFF,
		0xFF,0xFC,0x00,0x00,0x00,0x00,0x3F,0xFF,
		0xFF,0xFF,0xFF,0xFF,0x00,0x00,0x00,0x00,
		0x1F,0xFF,0xFF,0xFF,0x00,0x00,0x00,0x00,
		0x3F,0xFF,0xFF,0xFF,0xFF,0x00,0x00,0x00,
		0x3F,0xFF,0xFF,0x00,0x00,0x00,0x03,0xFF,
		0xFF,0xFF,0x80,0x00,0x00,0x07,0x80,0xF0,
		0x08,0xFF,0xFF,0xFF,0xC0,0x00,0x00,0x00,
		0xC7,0xFF,0xFF,0xC3,0xC0,0x00,0x00,0x40,
		0x00,0x00,0x3F,0xFF,0xFF,0xFC,0x00,0x00,
		0x00,0x7F,0xFF,0xFF,0xFF,0xFF,0x3F,0x00,
		0x00,0x00,0x0F,0xFF,0xFF,0xFE,0x00,0x00,
		0x00,0x0F,0x8F,0xFF,0xFF,0xFF,0xFF,0xFC,
		0x00,0x00,0x00,0x3F,0xFF,0xFF,0xF8,0x00,
		0x00,0x00,0x00,0x00,0x33,0xFF,0xFF,0xFF,
		0x00,0x00,0x00,0x07,0xFF,0xFF,0xF8,0x00,
		0x00,0x03,0xFF,0xFE,0x0F,0xFF,0xFF,0xFF,
		0xE0,0x00,0x03,0x01,0xFF,0xFF,0x9F,0x80,
		0x00,0x0C,0x03,0xE0,0x01,0xFF,0xFF,0xFF,
		0x00,0x00,0x00,0x0F,0xFF,0xFF,0xFE,0x00,
		0x00,0x70,0x00,0x00,0x00,0x3F,0xFF,0xFF,
		0xF0,0x00,0x00,0x07,0xFF,0xFF,0xC0,0x0C,
		0x7F,0xFF,0x00,0x00,0x00,0x1F,0xFF,0xFF,
		0xC0,0x00,0x00,0x01,0xF8,0x30,0x00,0x0F,
		0xFF,0xF8,0x00,0x00,0x01,0xFF,0xFE,0x00,
		0x00,0x0F,0xFF,0xF0,0x00,0x00,0x03,0xFF,
		0xFF,0xFE,0x00,0x00,0x03,0xFF,0xE0,0x00,
		0x1F,0xFF,0xFF,0x00,0x00,0x00,0x7F,0xFF,
		0xFC,0x00,0x00,0xFF,0xE0,0x00,0x00,0x00,
		0xFF,0xFF,0xC0,0x00,0x00,0x03,0xFF,0xE0,
		0x00,0x00,0x7F,0xFF,0x00,0x00,0x00,0x3F,
		0xFC,0x00,0x00,0x00,0x3F,0xFF,0xC0,
};
static char achPhonemeY[] =
{

		0x00,0x00,0x30,0x00,0x04,0x00,0x06,0x00,
		0xC7,0x80,0x00,0x00,0x00,0x00,0xF0,0x03,
		0x00,0xC0,0x00,0x80,0x00,0x00,0x00,0x00,
		0x00,0x00,0x60,0x03,0xC7,0xFC,0x7F,0x00,
		0xFC,0x07,0x83,0xC0,0x7F,0xF1,0xFF,0xFF,
		0xFF,0xFF,0xF0,0xFC,0x02,0x00,0x00,0x00,
		0x00,0x00,0x00,0x00,0x3E,0x07,0xF7,0xFF,
		0xFF,0xF9,0xFF,0xFF,0x87,0xF0,0x0C,0x00,
		0x00,0x00,0x00,0x00,0x00,0x30,0x78,0x3F,
		0xFF,0xFF,0xFF,0xFF,0xFF,0xC3,0xF0,0x00,
		0x00,0x00,0x00,0x00,0x00,0x00,0x01,0xF0,
		0x1F,0xEF,0xFF,0xFF,0xFF,0xFF,0xFF,0x7F,
		0xC0,0x70,0x00,0x00,0x00,0x00,0x00,0x00,
		0xE1,0xF8,0xFF,0xFF,0xFF,0xF8,0x7F,0x00,
		0xC0,0x00,0x00,0x00,0x00,0x00,0x00,0x1F,
		0x01,0xFC,0xFF,0x9F,0xFF,0xFF,0xFF,0xE1,
		0xFE,0x00,0xF0,0x00,0x00,0x00,0x00,0x00,
		0x03,0xFF,0xFF,0xFF,0xFF,0xFF,0xE0,0xFE,
		0x03,0xC0,0x00,0x00,0x00,0x00,0x00,0x00,
		0xFC,0x03,0xF0,0xFC,0x3F,0xFF,0xFF,0xFF,
		0xC3,0xF8,0x01,0xF8,0x00,0x80,0x00,0x00,
		0x00,0x07,0xFF,0xFF,0xFF,0xFF,0xEF,0xF0,
		0xFF,0x00,0x00,0x00,0x00,0x00,0x00,0x00,
		0x00,0x1F,0x03,0xFF,0xFE,0x1F,0xFF,0xFF,
		0xFF,0xE0,0xFC,0x03,0xE0,0x00,0x00,0x00,
		0xF0,0x1F,0xF3,0xFF,0xFF,0xFF,0xFF,0xFF,
		0xC0,0xFC,0x00,0xC0,0x00,0x00,0x00,0x1C,
		0x00,0x80,0xFF,0xFF,0xFF,0xFC,0x3F,0xEF,
		0xFF,0xFF,0x81,0xF0,0x01,0x00,0x00,0x00,
		0x00,0xF0,0x3F,0xFF,0xFF,0xFF,0xFF,0xFF,
		0x7F,0x01,0xF8,0x00,0x80,0x00,0x00,0x00,
		0x3C,0x00,0x03,0xFF,0xFF,0xFF,0xFC,0x7F,
		0xFC,0x3F,0xFE,0x00,0xC0,0x00,0x00,0x00,
		0x00,0x0F,0xF0,0xFF,0xFF,0xFF,0xFF,0xFF,
		0xFC,0x00,0x0F,0x80,0x03,0x80,0x00,0x7C,
		0x01,0xFF,0xFF,0xFF,0xFF,0xFF,0xFF,0xC0,
		0xFF,0xC0,0x00,0x30,0x00,0x00,0x00,0x00,
		0xFC,0x00,0xFF,0xF1,0xFF,0xFF,0xFF,0xFE,
		0x07,0xC0,0x00,0x0F,0x00,0x03,0x80,0x00,
		0xFC,0x07,0xFF,0xFF,0xFF,0xFF,0xFC,0x1F,
		0xC0,0x00,0x00,0x00,0x1C,0x00,0x80,0x3F,
		0xF0,0x7F,0xFE,0x1F,0xFC,0x1F,0xFF,0x03,
		0xFF,0x0F,0xC0,0x00,0x1F,0x00,0x0F,0x00,
		0x01,0xFC,0x1F,0xFF,0xFF,0xFF,0xFF,0xF8,
		0x0F,0x80,0x00,0x00,0x00,0x3F,0x03,0xFF,
		0xFF,0xE0,0xFF,0x00,0x1F,0xC0,0x07,0xF8,
		0x1F,0xFF,0xFF,0xFF,0xFF,0xE0,0x03,0xE0,
		0x00,0x78,0x00,0x3F,0x83,0xFF,0xFF,0xFF,
		0xDF,0xFF,0x00,0x38,0x00,0x00,0x00,0x03,
		0xFC,0xFF,0xFF,0xFF,0xF0,0x01,0xC0,0x00,
		0x00,0x00,0x3F,0xFF,0xFF,0xFF,0xFF,0xFF,
		0xFE,0x00,0x00,0x78,0x00,0x1F,0x00,0x1F,
		0xFF,0xFF,0xFF,0xFF,0xC0,0x00,0x00,0x00,
		0x00,0x03,0xFF,0xFF,0xFF,0xFF,0xF8,0x00,
		0x00,0x00,0x00,0x00,0x7F,0x03,0xFF,0xE7,
		0xFF,0xF0,0x7F,0x00,0x7F,0x00,0xFF,0xFF,
		0xFF,0x00,0xFC,0x00,0x1E,0x01,0x0F,0xF0,
		0xFF,0xF0,0x3F,0xE0,0x20,0x00,0x03,0xE0,
		0x03,0xFF,0xFF,0xFF,0xC3,0xF8,0x00,0x00,
		0x00,0x00,0x00,0xFF,0xFF,0xFF,0xFF,0xF8,
		0x00,0x00,0x00,0x7E,0x01,0xFF,0xFF,0xFF,
		0xE1,0xFF,0x00,0x3C,0x03,0xFF,0xFE,0x01,
		0xF8,0x00,0x78,0x1F,0xFF,0xC0,0xFF,0x01,
		0xFF,0x00,0xFC,0x1E,0x0F,0xE0,0xFF,0xDE,
		0xFF,0x83,0x80,0x00,0x0E,0x00,0x03,0xF0,
		0xFF,0xFF,0xFF,0xC0,0x00,0x00,0x00,0x10,
		0x0F,0xF0,0xF8,0xFE,0x07,0xF0,0x00,0x00,
		0x18,0x78,0x79,0xFE,0x0C,0x3F,0x06,0x00,
		0x01,0xF0,0xF0,0x7F,0xFF,0xE1,0x81,0xE1,
		0xE0,0x00,0x07,0xFF,0xF8,0x00,0x00,0x00,
		0xC0,0x03,0xFF,0xF0,0xFC,0x3F,0x1E,0x00,
		0x00,0x1C,0x1F,0x0F,0xFF,0xFE,0x3C,
};
static char achPhonemeR[] =
{

		0xFF,0xF8,0x07,0x0F,0xFF,0xF0,0x00,0x00,
		0x01,0xF0,0xFE,0x3F,0x87,0xF3,0xFF,0xFC,
		0x00,0x00,0x1F,0xFF,0x00,0x01,0xFF,0xFF,
		0xC0,0x00,0x01,0xF0,0x00,0x07,0xFF,0xFE,
		0x00,0x0F,0xFF,0xFF,0xFF,0xFF,0x00,0x00,
		0x00,0x3F,0xFF,0xF0,0x00,0x1F,0xFF,0xE0,
		0x00,0x00,0x03,0xE1,0xFF,0xFF,0x1F,0xFF,
		0xFF,0xF8,0x00,0x00,0x3F,0xFF,0x00,0x07,
		0xFF,0xFF,0x00,0x00,0x03,0xC0,0x00,0x1F,
		0xFF,0xFF,0x00,0x3F,0xFF,0xFF,0xFF,0xF8,
		0x00,0x00,0x00,0xFF,0xFF,0xC0,0x00,0xFF,
		0xFF,0x80,0x00,0x00,0x1F,0x87,0xF3,0xFC,
		0x7F,0xFF,0xFF,0xC0,0x00,0x00,0x3F,0xFC,
		0x00,0x0F,0xFF,0xFE,0x00,0x00,0x07,0x80,
		0x00,0x3F,0xFF,0xFE,0x00,0x7F,0xFF,0xFF,
		0xFF,0xF0,0x00,0x00,0x03,0xFF,0xFF,0x00,
		0x01,0xFF,0xFE,0x00,0x00,0x00,0x7E,0x1F,
		0xCF,0xF1,0xFC,0xFF,0xFF,0x80,0x00,0x01,
		0xFF,0xF0,0x00,0x7F,0xFF,0xFC,0x00,0x00,
		0x7E,0x00,0x01,0xFF,0xFF,0xF8,0x00,0xFF,
		0xFF,0xFF,0xFF,0xE0,0x00,0x00,0x07,0xFF,
		0xFE,0x00,0x07,0xFF,0xFC,0x00,0x00,0x00,
		0xF8,0x7F,0xFF,0xE7,0xF3,0xFF,0xFE,0x00,
		0x00,0x01,0xFF,0xC0,0x00,0xFF,0xFF,0xF0,
		0x00,0x00,0x68,0x00,0x01,0xFF,0xFF,0xF8,
		0x03,0xFF,0xFF,0xFF,0xFF,0xE0,0x00,0x00,
		0x0F,0xFF,0xFC,0x00,0x0F,0xFF,0xF8,0x00,
		0x00,0x00,0xF0,0xFF,0xFF,0xCF,0xFF,0xFF,
		0xFC,0x00,0x00,0x03,0xFF,0xE0,0x00,0xFF,
		0xFF,0xF0,0x00,0x00,0xF0,0x00,0x07,0xFF,
		0xFF,0xFC,0x07,0xFF,0xFF,0xE7,0xFF,0xE0,
		0x00,0x00,0x07,0xFF,0xFC,0x00,0x07,0xFF,
		0xF8,0x00,0x00,0x00,0xF8,0xFF,0xFF,0xFF,
		0xFF,0xFF,0xFE,0x00,0x00,0x01,0xFF,0xC0,
		0x00,0xFF,0xFF,0xF0,0x00,0x00,0x30,0x00,
		0x01,0xFF,0xFF,0xF8,0x01,0xFF,0xFF,0xBF,
		0xFF,0xE0,0x00,0x00,0x07,0xFF,0xFC,0x00,
		0x07,0xFF,0xFC,0x00,0x00,0x00,0xF8,0x7F,
		0xFF,0xC7,0xFB,0xFF,0xFE,0x00,0x00,0x01,
		0xFF,0xC0,0x00,0xFF,0xFF,0xE0,0x00,0x00,
		0xF8,0x00,0x03,0xFF,0xFF,0xC0,0x07,0xFF,
		0xFF,0xFF,0xFF,0x00,0x00,0x00,0x3F,0xFF,
		0xF0,0x00,0x3F,0xFF,0xE0,0x00,0x00,0x03,
		0xE1,0xFE,0xFF,0x1F,0xFF,0xFF,0xF8,0x00,
		0x00,0x1F,0xFE,0x00,0x07,0xFF,0xFF,0x00,
		0x00,0x03,0xC0,0x00,0x0F,0xFF,0xFF,0x80,
		0x1F,0xFF,0xFF,0xFF,0xFE,0x00,0x00,0x00,
		0x7F,0xFF,0xC0,0x00,0x7F,0xFF,0xC0,0x00,
		0x00,0x0F,0x83,0xF1,0xFE,0x3F,0x9F,0xFF,
		0xE0,0x00,0x00,0xFF,0xFC,0x00,0x0F,0xFF,
		0xFE,0x00,0x00,0x0F,0x80,0x00,0x3F,0xFF,
		0xFE,0x00,0x3F,0xFF,0xFF,0xFF,0xFE,0x00,
		0x00,0x00,0x7F,0xFF,0xC0,0x00,0x7F,0xFF,
		0xC0,0x00,0x00,0x0F,0x87,0xFB,0xFE,0x7F,
		0xFF,0xFF,0xE0,0x00,0x00,0xFF,0xFC,0x00,
		0x0F,0xFF,0xFF,0x00,0x00,0x0F,0x00,0x00,
		0x3F,0xFF,0xFC,0x00,0x0F,0xFF,0xFF,0xFF,
		0xFC,0x00,0x00,0x00,0xFF,0xFF,0xC0,0x00,
		0xFF,0xFF,0x80,0x00,0x00,0x1F,0x0F,0xF7,
		0xFC,0x7F,0xFF,0xFF,0xC0,0x00,0x00,0xFF,
		0xF8,0x00,0x1F,0xFF,0xFC,0x00,0x00,0x1F,
		0x00,0x00,0xFF,0xFF,0xFC,0x00,0xFF,0xFF,
		0xFF,0xFF,0xF8,0x00,0x00,0x01,0xFF,0xFF,
		0x00,0x01,0xFF,0xFF,0x00,0x00,0x00,0x3F,
		0x1F,0xEF,0xF8,0xFF,0xFF,0xFF,0x80,0x00,
		0x01,0xFF,0xF8,0x00,0x07,0xFF,0xFF,0x80,
		0x00,0x00,0x0E,0x00,0x6F,0xFF,0xFF,0x80,
		0x00,0xFF,0xFF,0xFF,0xF0,0x00,0x00,0x01,
		0xFF,0xFF,0x00,0x01,0xFF,0xFF,0x00,0x00,
		0x00,0x7F,0x1F,0xCF,0xF1,0xFF,0xFF,0xFF,
		0x00,0x00,0x00,0xFF,0xF0,0x00,0x7F,0xFF,
		0xF0,0x00,0x00,0x3C,0x00,0x01,0xFF,
};
static char achPhonemeL[] =
{

		0xFE,0xF0,0x00,0x00,0x00,0xF0,0xFF,0xFF,
		0xFF,0xFF,0x06,0x00,0x00,0x00,0x1C,0x1F,
		0xFF,0xFF,0xFF,0xFC,0x00,0x00,0x00,0x00,
		0x02,0x07,0xEF,0xFF,0xFF,0xFF,0xFF,0xF0,
		0x00,0x00,0x00,0x00,0x03,0x8F,0xFF,0xFF,
		0xFF,0xFF,0xE0,0x00,0x00,0x01,0xE1,0xFF,
		0xFF,0xFF,0xFC,0x00,0x00,0x00,0x00,0x38,
		0x3F,0xFF,0xFF,0xFF,0xFC,0x00,0x00,0x00,
		0x00,0x00,0x1F,0x9F,0xFF,0xFF,0xFF,0xFF,
		0xC0,0x00,0x00,0x00,0x00,0x07,0x1F,0xFF,
		0xFF,0xFF,0xFC,0x80,0x00,0x00,0x03,0x83,
		0xFF,0xFF,0xFF,0xF8,0x00,0x00,0x00,0x00,
		0x70,0x7F,0xFF,0xFF,0xFF,0xF8,0x00,0x00,
		0x00,0x00,0x00,0x1F,0xBF,0xFF,0xFF,0xFF,
		0xFF,0xC0,0x00,0x00,0x00,0x00,0x00,0xFF,
		0xFF,0xFF,0xFF,0xFF,0x00,0x00,0x00,0x07,
		0x9F,0xFF,0xFF,0xFF,0xF8,0x18,0x00,0x00,
		0x00,0x70,0x7F,0xFF,0xFF,0xFF,0xF0,0x00,
		0x00,0x00,0x00,0x08,0x1F,0xBF,0xFF,0xFF,
		0xFF,0xFF,0x80,0x00,0x00,0x00,0x00,0x00,
		0x7F,0xFF,0xFF,0xFF,0xFF,0x00,0x00,0x00,
		0x03,0x07,0xFF,0xFF,0xFF,0xFC,0x1C,0x00,
		0x00,0x00,0x38,0x7F,0xFF,0xFF,0xFF,0xF8,
		0x00,0x00,0x00,0x00,0x08,0x1F,0xCF,0xFF,
		0xFF,0xFF,0xFF,0xC0,0x00,0x00,0x00,0x00,
		0x03,0xCF,0xFF,0xFF,0xFF,0xFE,0x00,0x00,
		0x00,0x03,0xC1,0xFF,0xFF,0xFF,0xFE,0x00,
		0x00,0x00,0x00,0x38,0x3F,0xFF,0xFF,0xFF,
		0xF8,0x00,0x00,0x00,0x00,0x04,0x0F,0xDF,
		0xFF,0xFF,0xFF,0xFF,0xE0,0x00,0x00,0x00,
		0x00,0x07,0x8F,0xFF,0xFF,0xFF,0xFE,0x00,
		0x00,0x00,0x01,0xC3,0xFF,0xFF,0xFF,0xFF,
		0x00,0x00,0x00,0x00,0x0E,0x1F,0xFF,0xFF,
		0xFF,0xFE,0x00,0x00,0x00,0x00,0x03,0x07,
		0xFF,0xFF,0xFF,0xFF,0xF9,0xE0,0x00,0x00,
		0x00,0x00,0x00,0x3F,0xFF,0xFF,0xFF,0xFE,
		0x00,0x00,0x00,0x00,0xFF,0xFF,0xFF,0xFF,
		0xFF,0x80,0x00,0x00,0x00,0x07,0x07,0xFF,
		0xFF,0xFF,0xFF,0x00,0x00,0x00,0x00,0x01,
		0x83,0xFF,0xFF,0xFF,0xFF,0xFF,0xF8,0x00,
		0x00,0x00,0x00,0x00,0x3F,0xFF,0xFF,0xFF,
		0xFF,0x00,0x00,0x00,0x00,0x7D,0xFF,0xFF,
		0xFF,0xFF,0xE0,0x00,0x00,0x00,0x01,0xC1,
		0xFF,0xFF,0xFF,0xFF,0xC0,0x00,0x00,0x00,
		0x00,0x38,0xFF,0xFF,0xFF,0xFF,0xFF,0xBE,
		0x00,0x00,0x00,0x00,0x00,0x0F,0xFF,0xFF,
		0xFF,0xFF,0x80,0x00,0x00,0x00,0x0F,0xFF,
		0xFF,0xFF,0xFF,0xF8,0x00,0x00,0x00,0x00,
		0x38,0x7F,0xFF,0xFF,0xFF,0xF8,0x00,0x00,
		0x00,0x00,0x0E,0x1F,0xFF,0xFF,0xFF,0xFF,
		0xEF,0x80,0x00,0x00,0x00,0x00,0x00,0xFF,
		0xFF,0xFF,0xFF,0xF0,0x00,0x00,0x00,0x03,
		0xFF,0xFF,0xFF,0xFF,0xFE,0x00,0x00,0x00,
		0x00,0x07,0x1F,0xFF,0xFF,0xFF,0xFE,0x00,
		0x00,0x00,0x00,0x01,0x87,0xFF,0xFF,0xFF,
		0xFF,0xFB,0xE0,0x00,0x00,0x00,0x00,0x01,
		0xEF,0xFF,0xFF,0xFF,0xFC,0x00,0x00,0x00,
		0x00,0xF1,0xFF,0xFF,0xFF,0xFF,0x00,0x00,
		0x00,0x00,0x07,0x0F,0xFF,0xFF,0xFF,0xFF,
		0x00,0x00,0x00,0x00,0x01,0x83,0xFF,0xFF,
		0xFF,0xFF,0xFC,0xF0,0x00,0x00,0x00,0x00,
		0x01,0xFF,0xFF,0xFF,0xFF,0xFF,0x00,0x00,
		0x00,0x00,0xFD,0xFF,0xFF,0xFF,0xFE,0x00,
		0x00,0x00,0x00,0x0C,0x1F,0xFF,0xFF,0xFF,
		0xFF,0x00,0x00,0x00,0x00,0x03,0x07,0xFF,
		0xFF,0xFF,0xFF,0xFF,0xE0,0x00,0x00,0x00,
		0x00,0x01,0xF7,0xFF,0xFF,0xFF,0xFF,0x00,
		0x00,0x00,0x00,0xF0,0xFF,0xFF,0xFF,0xFC,
		0x00,0x00,0x00,0x00,0x38,0x3F,0xFF,0xFF,
		0xFF,0xFC,0x00,0x00,0x00,0x00,0x04,0x0F,
		0xDF,0xFF,0xFF,0xFF,0xFF,0xC0,0x00,0x00,
		0x00,0x00,0x01,0xF3,0xFF,0xFF,0xFF,
};
static char achPhonemeM[] =
{

		0xFF,0xFF,0xFF,0xFF,0xFF,0xFF,0xFF,0xFF,
		0xFF,0xFF,0xF8,0x00,0xF8,0x0C,0x00,0x00,
		0x00,0x3E,0x07,0x81,0xFF,0xFF,0xFF,0xFF,
		0xFF,0xF0,0x1F,0xFF,0x07,0x80,0x20,0x00,
		0x00,0x00,0x00,0x0C,0x00,0x00,0x78,0x00,
		0x0C,0x0F,0xFF,0xFF,0xFF,0xFF,0xFF,0xFF,
		0xFF,0xFF,0xFF,0xFF,0xF0,0x01,0xF0,0x18,
		0x00,0x00,0x00,0x7E,0x07,0x81,0xFF,0xFF,
		0xFF,0xFF,0xFF,0xF0,0x3F,0xFF,0x0F,0x80,
		0x00,0x00,0x00,0x00,0x00,0x00,0x00,0x06,
		0x00,0x03,0x06,0x0F,0xFF,0xFF,0xFF,0xFF,
		0xFF,0xFF,0xFF,0xFF,0xFF,0xFF,0xF0,0x01,
		0xF0,0x18,0x00,0x00,0x00,0x7C,0x07,0x83,
		0xFF,0xFF,0xFF,0xFF,0xFF,0xF0,0x3F,0xFE,
		0x0F,0x00,0x00,0x00,0x00,0x00,0x00,0x00,
		0x00,0x00,0x3C,0x00,0x00,0x0F,0xFF,0xFF,
		0xFF,0xFF,0xFF,0xFF,0xFF,0xFF,0xFF,0xFF,
		0xC0,0x03,0xE0,0x60,0x00,0x00,0x00,0xF8,
		0x1E,0x0F,0xFF,0xFF,0xFF,0xFF,0xFF,0xC0,
		0xFF,0xFC,0x3E,0x00,0x00,0x00,0x20,0x00,
		0x00,0x00,0x1C,0x3E,0x00,0x0E,0x00,0x7F,
		0xFF,0xFF,0xFF,0xFF,0xFF,0xFF,0xFF,0xFF,
		0xFF,0xFF,0x00,0x3F,0x03,0x00,0x00,0x00,
		0x0F,0x80,0xE0,0xFF,0xFF,0xFF,0xFF,0xFF,
		0xFE,0x0F,0xFF,0xC3,0xE0,0x10,0x00,0x00,
		0x00,0x00,0x00,0x00,0x01,0xE0,0x00,0x00,
		0x01,0xFF,0xFF,0xFF,0xFF,0xFF,0xFF,0xFF,
		0xFF,0xFF,0xFF,0xF8,0x01,0xF0,0x38,0x00,
		0x00,0x00,0x7C,0x0F,0x03,0xFF,0xFF,0xFF,
		0xFF,0xFF,0xF0,0x7F,0xFE,0x0F,0x00,0x40,
		0x00,0x00,0x00,0x00,0x00,0x00,0x1F,0xF8,
		0x00,0x00,0x0F,0xFF,0xFF,0xFF,0xFF,0xFF,
		0xFF,0xFF,0xFF,0xFF,0xFF,0x80,0x1F,0x01,
		0x80,0x00,0x00,0x07,0xC0,0xF0,0x3F,0xFF,
		0xFF,0xFF,0xFF,0xFF,0x03,0xFF,0xE1,0xF0,
		0x00,0x00,0x00,0x80,0x00,0x00,0x00,0xC0,
		0xF0,0x00,0x00,0x00,0xFF,0xFF,0xFF,0xFF,
		0xFF,0xFF,0xFF,0xFF,0xFF,0xFF,0xFC,0x00,
		0xF8,0x0C,0x00,0x00,0x00,0x3E,0x07,0x81,
		0xFF,0xFF,0xFF,0xFF,0xFF,0xF8,0x1F,0xFF,
		0x0F,0x80,0x00,0x00,0x00,0x00,0x00,0x00,
		0x00,0x0F,0xFC,0x10,0x00,0x01,0xFF,0xFF,
		0xFF,0xFF,0xFF,0xFF,0xFF,0xFF,0xFF,0xFF,
		0x80,0x1F,0x01,0x80,0x00,0x00,0x07,0xC0,
		0xF0,0x3F,0xFF,0xFF,0xFF,0xFF,0xFF,0x07,
		0xFF,0xE1,0xF0,0x00,0x00,0x01,0x80,0x00,
		0x00,0x00,0x01,0x00,0x00,0x00,0x00,0x3F,
		0xFF,0xFF,0xFF,0xFF,0xFF,0xFF,0xFF,0xFF,
		0xFF,0xFC,0x00,0xF8,0x1C,0x00,0x00,0x00,
		0x3E,0x07,0x81,0xFF,0xFF,0xFF,0xFF,0xFF,
		0xF0,0x3B,0xFF,0x0F,0x00,0x00,0x00,0x00,
		0x00,0x00,0x00,0x00,0x00,0x00,0x03,0x00,
		0x07,0xFF,0xFF,0xFF,0xFF,0xFF,0xFF,0xFF,
		0xFF,0xFF,0xFF,0xC0,0x07,0xC0,0xC0,0x00,
		0x00,0x01,0xF0,0x3C,0x1F,0xFF,0xFF,0xFF,
		0xFF,0xFF,0x81,0xFF,0xF8,0xFC,0x02,0x00,
		0x00,0xC0,0x00,0x00,0x00,0x00,0x00,0x00,
		0x00,0x00,0x3F,0xFF,0xFF,0xFF,0xFF,0xFF,
		0xFF,0xFF,0xFF,0xFF,0xFF,0x00,0x3E,0x07,
		0x00,0x00,0x00,0x0F,0x81,0xE0,0xFF,0xFF,
		0xFF,0xFF,0xFF,0xFE,0x0F,0xFF,0xC3,0xC0,
		0x00,0x00,0x00,0x00,0x00,0x00,0x00,0x00,
		0x18,0x08,0x00,0x0F,0xFF,0xFF,0xFF,0xFF,
		0xFF,0xFF,0xFF,0xFF,0xFF,0xFF,0xF8,0x01,
		0xF0,0x18,0x00,0x00,0x00,0x7C,0x0F,0x03,
		0xFF,0xFF,0xFF,0xFF,0xFF,0xF0,0x7F,0xFE,
		0x1F,0x00,0x80,0x00,0x10,0x00,0x00,0x00,
		0x00,0x7F,0xC0,0x00,0x00,0x0F,0xFF,0xFF,
		0xFF,0xFF,0xFF,0xFF,0xFF,0xFF,0xFF,0xFF,
		0x00,0x7E,0x02,0x00,0x00,0x00,0x1F,0x81,
		0xE0,0xFF,0xFF,0xFF,0xFF,0xFF,0xFE,0x0F,
		0xFF,0xC3,0xC0,0x00,0x00,0x02,0x00,
};
static char achPhonemeN[] =
{

		0x01,0xFF,0xFF,0x00,0x00,0x18,0x78,0x00,
		0x00,0x0E,0x00,0x00,0x01,0xFF,0xF1,0xE0,
		0xFF,0xFF,0xFF,0xFF,0xFF,0xFF,0xFF,0xFF,
		0xFF,0xFF,0x00,0x1F,0x80,0x00,0x00,0x00,
		0x00,0x00,0x0F,0xFF,0xFF,0xFF,0xFF,0xFF,
		0xF8,0x0F,0xFF,0xFC,0x00,0x00,0x03,0x00,
		0x00,0x00,0x1C,0x00,0x00,0x0F,0xFF,0xE7,
		0x07,0xFF,0xFF,0xEF,0xFF,0xFF,0xFF,0xFF,
		0xFF,0xFF,0xF8,0x00,0xFE,0x00,0x00,0x00,
		0x00,0x00,0x00,0x3F,0xFF,0xFF,0xFF,0xFF,
		0xFF,0xE0,0x3F,0xFF,0xE0,0x00,0x00,0x06,
		0x00,0x00,0x00,0xE0,0x00,0x00,0x3F,0xFF,
		0x1C,0x3F,0xFF,0xFF,0xFF,0xFF,0xFF,0xFF,
		0xFF,0xFF,0xFF,0xE0,0x03,0xF8,0x00,0x00,
		0x00,0x00,0x00,0x00,0xFF,0xFF,0xFF,0xFF,
		0xFF,0xFF,0x00,0xFF,0xFF,0x80,0x00,0x00,
		0x38,0x00,0x00,0x07,0x80,0x00,0x00,0xFF,
		0xFE,0x38,0x3F,0xFF,0xFF,0xFF,0xFF,0xFF,
		0xFF,0xFF,0xFF,0xFF,0x80,0x0F,0xC0,0x00,
		0x00,0x00,0x00,0x00,0x07,0xFF,0xFF,0xFF,
		0xFF,0xFF,0xFC,0x07,0xFF,0xFE,0x00,0x00,
		0x01,0xF0,0x00,0x00,0x00,0x00,0x00,0x03,
		0xFF,0xE0,0x40,0xFF,0xFF,0xFF,0xFF,0xFF,
		0xFF,0xFF,0xFF,0xFF,0xFF,0x00,0x3F,0x00,
		0x00,0x00,0x00,0x00,0x00,0x0F,0xFF,0xFF,
		0xFF,0xFF,0xFF,0xF0,0x0F,0xFF,0xFC,0x00,
		0x00,0x01,0x00,0x00,0x00,0x00,0x00,0x00,
		0x0F,0xFF,0xE1,0x41,0xFF,0xFF,0xFF,0xFF,
		0xFF,0xFF,0xFF,0xFF,0xFF,0xF8,0x00,0xFC,
		0x00,0x00,0x00,0x00,0x00,0x00,0x7F,0xFF,
		0xFF,0xFF,0xFF,0xFF,0xC0,0x7F,0xFF,0xE0,
		0x00,0x00,0x1E,0x00,0x00,0x00,0x00,0x1C,
		0x00,0x1F,0xFF,0x1F,0x1F,0xFF,0xFF,0xFF,
		0xFF,0xFF,0xFF,0xFF,0xFF,0xFF,0x80,0x1F,
		0x80,0x00,0x00,0x00,0x00,0x00,0x0F,0xFF,
		0xFF,0xFF,0xFF,0xFF,0xF8,0x07,0xF9,0xFE,
		0x00,0x00,0x03,0xE0,0x00,0x00,0x0F,0x00,
		0x00,0x07,0xFF,0xF9,0xF0,0xFF,0xFF,0xFF,
		0xFF,0xFF,0xFF,0xFF,0xFF,0xFF,0xF8,0x00,
		0xFE,0x00,0x00,0x00,0x00,0x00,0x00,0x3F,
		0xFF,0xFF,0xFF,0xFF,0xFF,0xC0,0x3F,0xFF,
		0xF0,0x00,0x00,0x0F,0x80,0x00,0x00,0x70,
		0x00,0x00,0x3F,0xFF,0xF8,0x03,0xFF,0xFF,
		0xFF,0xFF,0xFF,0xFF,0xFF,0xFF,0xFF,0x80,
		0x0F,0xC0,0x00,0x00,0x00,0x00,0x00,0x07,
		0xFF,0xFF,0xFF,0xFF,0xFF,0xFC,0x07,0xFF,
		0xFF,0x00,0x00,0x03,0xF0,0x00,0x00,0x1E,
		0x00,0x00,0x07,0xFF,0x0F,0x80,0x7F,0xFF,
		0xFF,0xFF,0xFF,0xFF,0xFF,0xFF,0xFF,0xFC,
		0x00,0x7E,0x00,0x00,0x00,0x00,0x00,0x00,
		0x3F,0xFF,0xFF,0x3F,0xFF,0xFF,0xC0,0x1F,
		0xFF,0xF8,0x00,0x00,0x0F,0x80,0x00,0x00,
		0x1E,0x00,0x00,0x3F,0xFC,0x3C,0x00,0xFF,
		0xFF,0xFF,0xFF,0xFF,0xFF,0xFF,0xFF,0xFF,
		0xF8,0x00,0xFC,0x00,0x00,0x00,0x00,0x00,
		0x00,0x7F,0xFF,0xFF,0x7F,0xFF,0xFF,0x80,
		0x7F,0x9F,0xF0,0x00,0x00,0x1F,0x00,0x00,
		0x00,0x7E,0x00,0x80,0x7F,0xF8,0x7C,0x01,
		0xFF,0xFF,0xFE,0xFF,0xFF,0xFF,0xFF,0xFF,
		0xFF,0xF8,0x01,0xF8,0x00,0x00,0x00,0x00,
		0x0C,0x00,0xFF,0xFF,0xFE,0xFF,0xFF,0xFF,
		0x80,0x7F,0x9F,0xF0,0x00,0x00,0x1F,0x00,
		0x00,0x00,0x7C,0x00,0x80,0x7F,0xF8,0x7B,
		0x43,0xFF,0xFF,0xFF,0xFF,0xFF,0xFF,0xFF,
		0xFF,0xFF,0xE0,0x07,0xE0,0x00,0x00,0x00,
		0x00,0x00,0x01,0xFF,0xFF,0xF9,0xFF,0xFF,
		0xFE,0x01,0xFE,0x3F,0xC0,0x00,0x00,0x7C,
		0x00,0x00,0x01,0xF8,0x06,0x01,0xFF,0xC1,
		0xF8,0x0F,0xFF,0xFF,0xFF,0xFF,0xFF,0xFF,
		0xFF,0xFF,0xFF,0x00,0x1F,0x80,0x00,0x00,
		0x00,0x01,0x80,0x0F,0xFF,0xFF,0xCF,0xFF,
		0xFF,0xF8,0x07,0xF8,0xFF,0x00,0x00,
};
static char achPhonemeS[] =
{

		0x07,0x81,0xF0,0xE0,0xF0,0x78,0x3E,0x38,
		0xF1,0x98,0x78,0x7E,0x1F,0x0F,0x0E,0x3C,
		0x70,0x78,0x3C,0x1E,0x00,0xCE,0x3C,0x3F,
		0x0F,0x03,0xE1,0xE1,0x18,0x0E,0x01,0xE0,
		0xF0,0xF8,0x7C,0x78,0xFE,0x3E,0x0F,0x0F,
		0x83,0xE0,0xE0,0xE0,0xF0,0xF0,0x7C,0x3C,
		0x3C,0x3E,0x3E,0x1E,0x0F,0x07,0x78,0xFC,
		0x3C,0x3C,0x71,0x87,0x38,0x7C,0x1E,0x1F,
		0x00,0xF0,0xF8,0x7C,0x63,0xF1,0xE0,0xF8,
		0x7E,0x1E,0x07,0x87,0x83,0x1E,0x1E,0x1F,
		0x81,0xE1,0xE0,0x70,0xF0,0xF8,0x78,0x70,
		0xFE,0x07,0x0F,0x00,0xF0,0xF8,0xF8,0x3C,
		0x3C,0x1F,0x0F,0x01,0xC0,0xE0,0x63,0x83,
		0x87,0x81,0xE0,0xF0,0xF8,0x3C,0x70,0x0E,
		0x00,0x38,0xC6,0x1E,0x43,0x8C,0x70,0x78,
		0x3F,0x0F,0x87,0xE1,0xF8,0x7C,0x3B,0xC3,
		0xC0,0xE1,0xE1,0xE0,0xE1,0xE1,0xE0,0xF8,
		0x7C,0x03,0x87,0x18,0xF0,0xE0,0x61,0xC1,
		0xE7,0x3C,0x38,0xC0,0xE0,0x3C,0x0F,0x38,
		0xFE,0x1F,0x83,0xE1,0xE0,0x78,0xF0,0x01,
		0xC3,0xC1,0xE1,0xC0,0xF0,0x78,0x3E,0x1F,
		0x00,0xF0,0xF0,0x78,0x78,0x1E,0x39,0xC3,
		0xC1,0x3E,0x1E,0x0F,0x1D,0xC3,0xC1,0xE1,
		0xC0,0x1F,0x1F,0xC3,0xC3,0xE0,0xF8,0x3E,
		0x1F,0x07,0x87,0xC0,0xC7,0x07,0x07,0xC0,
		0xF8,0xF0,0xF0,0x07,0x07,0x80,0xF8,0x7E,
		0x1E,0x3E,0x17,0x87,0x0F,0x03,0xC3,0xE3,
		0xE0,0xFF,0x07,0x80,0x38,0x0E,0x03,0xC1,
		0xC1,0xE1,0xF0,0xF0,0x47,0xC0,0xF8,0x7C,
		0x3E,0x1E,0x19,0x87,0x80,0xF0,0x7C,0x1E,
		0x0E,0xF0,0xE0,0xF0,0xC7,0x07,0xE0,0x7C,
		0x3C,0x3F,0x03,0xC3,0xC1,0xE0,0xF8,0x7F,
		0x0F,0x18,0xE0,0xE0,0xF0,0x78,0x3F,0x0F,
		0x80,0xF0,0xF8,0x0F,0x0F,0x1F,0x07,0x83,
		0xE0,0xF1,0x9C,0x07,0x03,0x1C,0x70,0xC7,
		0x03,0x87,0xC1,0xF0,0xF0,0xFC,0x3E,0x0F,
		0x87,0x83,0xC0,0xF8,0x78,0x79,0xC7,0x3C,
		0x70,0x7E,0x1C,0x71,0x87,0x1E,0x1E,0x3E,
		0x1F,0x03,0x86,0x1E,0x1F,0x01,0xC3,0xC3,
		0xE0,0xF0,0xF0,0xF8,0x3C,0x1F,0x07,0x1E,
		0x38,0xF8,0x70,0x3E,0x3F,0x83,0xC0,0x78,
		0x71,0xE0,0xF8,0x0F,0x0F,0x00,0xF0,0x1E,
		0x1F,0x0F,0x1F,0x0F,0xC1,0xF1,0xF8,0xE1,
		0xE0,0xE3,0x0E,0x1F,0xC3,0x0F,0x07,0x1C,
		0x70,0xF8,0x78,0x7C,0x3E,0x3C,0x1F,0xC3,
		0xC0,0xF8,0x30,0x78,0x3F,0x1F,0x01,0xF0,
		0x7C,0x3F,0x1E,0x3F,0x1C,0x1F,0x0F,0x07,
		0x83,0xC0,0xF0,0x78,0x3E,0x1E,0x78,0x71,
		0x87,0x0F,0x7E,0x03,0xC3,0x70,0xE3,0x07,
		0x01,0xE1,0xE3,0x98,0xF8,0x77,0x01,0x0C,
		0x1C,0x1C,0x27,0x0F,0x01,0xC1,0xC3,0x80,
		0xC1,0xF0,0xF0,0x7E,0x1F,0x0F,0x07,0xC3,
		0xF0,0x78,0x0F,0x38,0xE1,0xC1,0xE1,0xF0,
		0x3E,0x0F,0x83,0xC3,0x87,0x80,0xF0,0xF0,
		0x1F,0x01,0xE1,0xF0,0xC7,0x0F,0x11,0xC3,
		0xC0,0xF8,0x7C,0x3C,0x3E,0x0F,0x0E,0x70,
		0x8E,0x3D,0x87,0xC7,0x18,0xF0,0x7C,0x3E,
		0x1F,0x07,0x8C,0xF0,0x3F,0x8F,0x0E,0x1B,
		0xC3,0x87,0x07,0x83,0xE0,0xF0,0x78,0xC7,
		0x18,0xE3,0xC3,0xE1,0xE0,0x7C,0x3C,0x71,
		0x9C,0x70,0x78,0xF0,0xC6,0x3E,0x1F,0x0F,
		0x80,0xE0,0x1C,0x3E,0x3C,0x87,0x0E,0x71,
		0x87,0x83,0xC2,0x3C,0x3E,0x1E,0x18,0xC7,
		0x83,0xC3,0x80,0xF0,0xF1,0x8E,0x19,0xC1,
		0xC0,0x78,0x7C,0x3C,0x0F,0x87,0x73,0x8F,
		0x0F,0x0F,0x0E,0x3E,0x0F,0x0C,0xF8,0x78,
		0x78,0xC0,0xF0,0xE1,0xC0,0xF0,0xF0,0x1E,
		0x1E,0x10,0xF0,0xFF,0x83,0xF1,0xE3,0xC0,
		0x3C,0x78,0xE0,0xF0,0xFC,0x3E,0x1E,0x18,
		0xF0,0x3E,0x1F,0x07,0x81,0xE1,0xE3,0x1C,
		0x38,0x87,0x83,0xC1,0xCE,0x1E,0x0F,0x1F,
		0x0F,0x83,0xC1,0xC3,0x8F,0x1E,0x07,
};
static char achPhonemeV[] =
{

		0xFF,0xFF,0xFF,0x39,0xE7,0xF9,0xE6,0x00,
		0x00,0x00,0x07,0xF0,0x06,0x07,0x73,0xBD,
		0xFF,0xCF,0xFF,0xE3,0x9C,0x00,0x03,0xE7,
		0x7F,0xCF,0x3F,0xFE,0x00,0x00,0x00,0x00,
		0x00,0x00,0x00,0x00,0x01,0xFF,0xFF,0xFF,
		0xFF,0xFF,0xFF,0xFF,0x07,0xF3,0xF8,0xE7,
		0x80,0x00,0x00,0x01,0xF0,0x00,0x00,0x87,
		0xE3,0xFF,0xFF,0xFF,0xFF,0x87,0x3C,0x43,
		0x9F,0xFF,0xFF,0xFF,0xE0,0x00,0x00,0x00,
		0x00,0x00,0x00,0x00,0x00,0x07,0xFF,0xFF,
		0xFF,0xFF,0xFF,0xFF,0xE7,0x1E,0xFF,0x0F,
		0x00,0x00,0x00,0x00,0x81,0x00,0x31,0x0F,
		0x3E,0x0F,0xFF,0xFE,0xFF,0x9E,0x43,0x9C,
		0x39,0xE7,0xFC,0xCF,0xFF,0xC0,0x00,0x00,
		0x00,0x00,0x00,0x00,0x00,0x00,0x3F,0xFF,
		0xFF,0xFF,0xFF,0xFF,0xFF,0xF3,0xFF,0x7F,
		0x9E,0x70,0x00,0x00,0x00,0x3F,0x82,0x1C,
		0x71,0x00,0xF3,0xFF,0xFF,0xF0,0xE3,0xDC,
		0x73,0x87,0x1F,0xE7,0xFF,0xFF,0x00,0x00,
		0x00,0x00,0x00,0x00,0x00,0x00,0x01,0xFF,
		0xFF,0xFF,0xFF,0xFF,0xFF,0xFE,0xC1,0xF8,
		0xE3,0x00,0x00,0x00,0x00,0x8C,0x01,0x80,
		0x40,0x87,0xF3,0x7F,0xE7,0x1F,0xFF,0x83,
		0x1C,0xFF,0x8E,0xFF,0xCF,0xBF,0xF8,0x00,
		0x00,0x00,0x00,0x00,0x00,0x00,0x00,0x01,
		0xFF,0xFF,0xFF,0xFF,0xFF,0xFF,0xFF,0x83,
		0xFF,0xCF,0x20,0x00,0x00,0x00,0x03,0x30,
		0x03,0x0C,0xE7,0x1F,0xFF,0xBF,0xDE,0x7B,
		0xC7,0x39,0xDF,0x7F,0xCF,0xFF,0x9F,0xF0,
		0x00,0x00,0x00,0x00,0x00,0x00,0x00,0x00,
		0x07,0xFF,0xFF,0xFF,0xFF,0xFF,0xFF,0xEE,
		0x1F,0xFF,0x00,0x0C,0x00,0x00,0x00,0xE3,
		0x00,0x60,0x00,0x7F,0x7F,0xFF,0xFE,0xE0,
		0x7C,0x78,0x61,0xFB,0xFF,0x8F,0x7F,0xFF,
		0xC0,0x00,0x00,0x00,0x00,0x00,0x00,0x00,
		0x00,0x0F,0xFF,0xFF,0xFF,0xFF,0xFE,0xFF,
		0x88,0x7F,0xFE,0xEC,0x00,0x00,0x00,0x70,
		0x03,0x30,0x80,0x07,0xDE,0xFF,0xF8,0x7F,
		0xF0,0xEC,0x09,0xFE,0xF1,0xDF,0x79,0xFF,
		0xFF,0x80,0x00,0x00,0x00,0x00,0x00,0x00,
		0x00,0x00,0x7F,0xFF,0xFF,0xFF,0xFF,0xFF,
		0xFF,0xFE,0xFB,0xE4,0x30,0xC0,0x1C,0x40,
		0x3B,0x00,0x20,0x00,0x47,0xE7,0xFF,0x9C,
		0xF7,0xE0,0xC3,0x78,0xF7,0xCE,0x73,0xFF,
		0xFF,0xFF,0x80,0x00,0x00,0x00,0x00,0x00,
		0x00,0x00,0x00,0x7F,0xFF,0xFF,0xFF,0xFF,
		0xFF,0xFF,0xE0,0xFF,0x80,0x61,0x00,0x1C,
		0x00,0x3C,0x21,0x80,0x18,0xF3,0xF3,0xFF,
		0xE7,0xFC,0x67,0x1F,0x80,0x01,0xFC,0x3F,
		0xFF,0x8F,0xFE,0x00,0x00,0x00,0x00,0x00,
		0x00,0x00,0x00,0x01,0xFF,0xFF,0xFF,0xFF,
		0xFF,0xE7,0xFD,0xDF,0xFF,0x80,0x42,0x00,
		0x18,0x06,0xE0,0x07,0x81,0x18,0xE7,0xFF,
		0xEF,0x79,0x9C,0x39,0xE6,0x30,0xFF,0x1C,
		0xFF,0xFF,0xFF,0xE0,0x00,0x00,0x00,0x00,
		0x00,0x00,0x00,0x00,0x0F,0xFF,0xFF,0xFF,
		0xFF,0xFF,0xFF,0xF3,0x8F,0xFC,0x00,0x60,
		0x00,0x70,0x0E,0xF0,0x00,0x00,0x19,0xEF,
		0xBD,0xE7,0xFF,0xC1,0x1F,0x81,0x87,0xFF,
		0x81,0xF0,0x0F,0xFF,0x80,0x00,0x00,0x00,
		0x00,0x00,0x00,0x00,0x00,0x7F,0xFF,0xFF,
		0xFF,0xFF,0xFF,0xFF,0xF0,0x7E,0xF8,0x00,
		0x60,0x00,0x30,0xC0,0x00,0xC0,0x47,0x3E,
		0xF3,0x3F,0xF7,0xCF,0x0C,0xE1,0xEF,0x31,
		0xC3,0x8E,0x78,0xFF,0xBC,0x00,0x00,0x00,
		0x00,0x00,0x00,0x00,0x00,0x01,0xFF,0xFF,
		0xFF,0xFF,0xFF,0xF7,0xFC,0xE7,0xFF,0xE0,
		0x01,0x84,0x30,0x00,0x79,0x90,0x06,0x00,
		0x3B,0xFF,0xFE,0x3F,0xCE,0x31,0x8E,0x70,
		0x0F,0xFD,0xCF,0xF8,0xFF,0xC0,0x00,0x00,
		0x00,0x00,0x00,0x00,0x00,0x00,0x1F,0xFF,
		0xFF,0xFF,0xFF,0xFF,0xFF,0x9E,0x7F,
};
static char achPhonemeF[] =
{

		0x39,0xCC,0xF1,0xC1,0x9B,0x83,0x18,0xC7,
		0x1C,0x79,0x18,0xF1,0x81,0xF8,0x80,0xE6,
		0x86,0x67,0x18,0xE4,0x8F,0xEC,0x0E,0x73,
		0xB8,0x8E,0x32,0x31,0x81,0xCC,0x7C,0x7E,
		0x30,0x37,0x78,0x03,0x9C,0xCB,0x0C,0xC1,
		0xCE,0x73,0x73,0xE2,0x67,0x63,0x70,0x8E,
		0x70,0x1C,0x3F,0xE0,0xC7,0x0C,0x71,0xC3,
		0x0F,0x8E,0x71,0xC6,0x01,0xC6,0x98,0xC6,
		0x3E,0x6E,0x70,0x63,0x66,0x73,0x66,0xF2,
		0x6E,0x71,0xCC,0xCE,0xE7,0x73,0x07,0x39,
		0x19,0x22,0x83,0x03,0xF1,0x81,0xE1,0xE0,
		0xE3,0x83,0xF9,0x8F,0x99,0x1C,0x30,0x1C,
		0xF0,0x63,0x31,0xC6,0x63,0x7D,0x03,0x03,
		0x67,0x31,0x00,0x0E,0x73,0xE0,0xE1,0xF6,
		0xE3,0x00,0xE8,0xF8,0xF9,0x9C,0x9F,0x19,
		0x8D,0x8E,0xC7,0x38,0x39,0x83,0x83,0x81,
		0xF8,0x38,0xE2,0x0F,0x31,0xF0,0x03,0xCF,
		0x03,0xC0,0x27,0x63,0xC3,0x63,0x86,0x7C,
		0x7C,0x79,0xC3,0x31,0xF3,0x33,0x8F,0x0F,
		0x87,0x38,0x71,0x9C,0xC1,0xCE,0xE6,0x7C,
		0x60,0x3E,0x11,0xF1,0x8C,0xE6,0x1F,0x18,
		0xCC,0xEC,0x79,0x3E,0x2F,0x1C,0x39,0x19,
		0xE6,0x03,0x61,0x8F,0x04,0x1F,0x61,0xC3,
		0x33,0xFB,0x3C,0x66,0x47,0xCC,0xE4,0xC0,
		0x07,0x9F,0x00,0xE1,0x38,0xFF,0x3D,0x81,
		0x8E,0xC0,0xF8,0x38,0xC7,0x39,0x83,0x1C,
		0xF3,0x33,0x3B,0x36,0x3F,0xC6,0xE7,0x06,
		0xE6,0x67,0x70,0xC1,0xCC,0x7C,0xC4,0x64,
		0xC3,0x11,0xB9,0x38,0x63,0x73,0xE3,0xE6,
		0x70,0x7E,0x60,0xBC,0xE3,0xB0,0x63,0x36,
		0x73,0x26,0x78,0xCC,0xE0,0x9C,0xF8,0xDC,
		0xCC,0x9C,0xC9,0x9C,0x19,0x1F,0x3C,0x01,
		0x8F,0xC7,0x80,0xD3,0x18,0x19,0xF1,0x10,
		0xE2,0xF0,0xF8,0xC9,0x99,0x99,0x98,0xF1,
		0xBC,0x33,0x07,0x03,0x61,0xF0,0x62,0x38,
		0xE1,0x98,0xC1,0x98,0xEF,0x9C,0xC7,0x1C,
		0xC1,0x9C,0xF3,0x31,0xB9,0xE3,0x98,0x63,
		0x72,0x33,0x07,0x03,0x8E,0x1F,0x0C,0x46,
		0x37,0x3C,0xE0,0xE4,0xF6,0x60,0xC6,0x38,
		0xDC,0x80,0xDD,0x8C,0xC3,0x07,0x18,0xC6,
		0xE1,0xC7,0x61,0x86,0x70,0xE6,0x30,0x67,
		0x3C,0x76,0x66,0x78,0x3F,0x0F,0x06,0xCF,
		0xC8,0xCC,0x0E,0x39,0xC8,0x98,0x0E,0x76,
		0xCE,0x19,0xCC,0x8C,0xC7,0x8C,0xD8,0xC3,
		0x30,0xCE,0x78,0x38,0xF0,0xE9,0x07,0x1D,
		0x19,0x98,0x38,0x72,0x33,0x33,0x91,0x04,
		0xE3,0x23,0x9C,0xE3,0x61,0xCC,0xDC,0xCC,
		0xCC,0x9C,0xD8,0x79,0xCC,0x01,0xCF,0x11,
		0x8E,0x0F,0x87,0x20,0x63,0x3B,0x38,0x1C,
		0x11,0xF9,0x39,0xC3,0x07,0x1F,0x01,0x80,
		0x5D,0x84,0xE5,0x84,0x71,0xC6,0x3C,0x07,
		0x0C,0xC4,0xFE,0xC7,0x8F,0x1D,0xCC,0xC7,
		0xEE,0x63,0x3C,0x66,0xE4,0x60,0xC7,0x03,
		0x1C,0x8C,0xEC,0x64,0x4C,0xC6,0x66,0xE2,
		0xCE,0xD1,0x0E,0xC0,0x3C,0xDC,0xEE,0x7C,
		0xCC,0xF3,0x71,0x9D,0x0C,0x8F,0x07,0x9C,
		0x18,0xFC,0x83,0x18,0x39,0x98,0x71,0xFE,
		0x63,0xC7,0x66,0xC6,0x46,0xE6,0x46,0xCC,
		0xC6,0xE4,0xC0,0xFC,0xF1,0x30,0x3B,0x33,
		0x18,0x33,0x1E,0x33,0x0E,0x3F,0x0C,0x19,
		0x37,0x01,0xB6,0xE0,0xF9,0x70,0x67,0x73,
		0x86,0x3B,0x00,0x1E,0x0E,0x0E,0xC7,0xC6,
		0x71,0xC4,0xC4,0xE6,0x60,0x66,0x70,0xCE,
		0xCE,0x1F,0x9D,0x8C,0xCF,0x0C,0x78,0xDC,
		0x31,0xC7,0x11,0x0E,0x38,0x3E,0x0C,0x8E,
		0x0F,0x1F,0x1C,0x18,0xCE,0x79,0xC7,0x31,
		0x88,0x78,0x70,0x9C,0xCE,0x77,0x6C,0xC6,
		0x6E,0xCE,0x03,0x39,0xCC,0xE8,0xE3,0x88,
		0xE7,0xC0,0xCD,0x87,0x99,0x1C,0xFC,0x13,
		0x18,0x99,0x9C,0xF9,0xB8,0x98,0x31,0xB9,
		0xC7,0xC1,0x83,0x81,0x8E,0x67,0xC1,0x1C,
		0xC6,0x70,0x19,0x9C,0x67,0x1C,0x60,
};
static char achPhonemeH[] =
{

		0x7F,0xFE,0x7C,0x00,0xFC,0x7F,0xF0,0x08,
		0x1E,0x0F,0xFF,0x07,0x80,0x1F,0xF8,0x3F,
		0x00,0x30,0x1F,0x78,0x38,0x0F,0x80,0xFE,
		0x00,0x06,0x07,0xFF,0x0F,0xC0,0x3F,0x9F,
		0xC0,0x01,0xEF,0x83,0xE0,0x1F,0x0F,0xC1,
		0xF0,0x40,0x1F,0xC3,0xFE,0x03,0xFF,0xF8,
		0xFE,0x03,0x00,0xFF,0x07,0xC0,0x00,0x7F,
		0xC0,0xE0,0x7E,0x00,0x01,0xFF,0x86,0x01,
		0xFC,0x0F,0xF2,0x03,0xC0,0x07,0xFF,0xFF,
		0x00,0xC0,0x1F,0xF9,0x98,0x00,0x0C,0x7F,
		0xFF,0xC0,0x1E,0x3F,0xFC,0x00,0x0E,0x7C,
		0x1F,0x01,0xFE,0x00,0xFF,0xC0,0x7E,0x03,
		0xF8,0x00,0x70,0xFC,0xF8,0x00,0x1F,0x80,
		0xF0,0x0C,0x07,0xFD,0xF0,0x38,0x38,0xFF,
		0x3F,0x80,0xFF,0x80,0xFF,0x00,0xFF,0x01,
		0xF8,0x07,0xF0,0x3E,0x00,0x03,0xE0,0x1F,
		0x80,0x07,0xFC,0x07,0xE0,0xE7,0xF8,0x70,
		0x78,0x00,0xFE,0x03,0xF0,0x07,0xF8,0x0F,
		0x00,0x7F,0xE1,0x87,0xFF,0xF8,0x01,0xFF,
		0x01,0xF0,0x07,0xF0,0x0F,0xF0,0x00,0x00,
		0x7F,0xCF,0x80,0x00,0xFF,0xC0,0x7C,0x00,
		0x7F,0x80,0xFF,0x00,0x3E,0x00,0xFF,0x00,
		0xFE,0x00,0x7E,0x3F,0x0E,0x00,0x7F,0x07,
		0xFC,0xFF,0x00,0x03,0xFE,0x3E,0x06,0x00,
		0x3F,0x00,0x7C,0x00,0x23,0xC0,0x38,0x0F,
		0xBC,0x1E,0x00,0x7F,0x98,0x7E,0x0F,0x78,
		0x1F,0xF8,0x00,0x08,0xFE,0x00,0x00,0x03,
		0xFC,0x07,0xC0,0x00,0x7E,0x07,0xF0,0x1E,
		0x03,0xF0,0x00,0x0F,0xE0,0x3C,0x1F,0xC7,
		0xE0,0x3C,0x07,0x98,0x7F,0x0F,0x80,0xE1,
		0xFF,0xCE,0x00,0x8F,0xE7,0xC0,0x03,0xC7,
		0xC3,0xC3,0xC1,0xC1,0xEF,0xFF,0x80,0x01,
		0xFF,0x87,0xC1,0x80,0x0F,0xC7,0x81,0xF8,
		0x07,0xE0,0xFF,0xC0,0x01,0xC0,0xFE,0x00,
		0x00,0x78,0xF8,0x0F,0x80,0x78,0x01,0xFC,
		0x00,0xF8,0x01,0xF1,0xFB,0xF0,0x07,0xF8,
		0x03,0xFF,0x83,0x83,0xFF,0xFF,0x80,0x3F,
		0x1F,0xC0,0x00,0x31,0xFC,0x1E,0x00,0x1F,
		0x80,0x1F,0x00,0x3F,0x00,0xFC,0x07,0xFF,
		0x80,0x3E,0x07,0xC0,0xE0,0x3C,0x78,0x38,
		0xF8,0x7C,0x1F,0xC0,0x1E,0x0F,0x1F,0x80,
		0x1F,0x1E,0x00,0x1F,0x1E,0x00,0x0E,0x00,
		0x00,0x3F,0xC0,0x00,0x07,0x0F,0xC1,0xFC,
		0x03,0xFF,0xFF,0xE0,0x1F,0x0F,0xFF,0xFE,
		0x00,0x03,0xF8,0x7F,0xF0,0x01,0xF8,0x1F,
		0x80,0xF0,0x7F,0x83,0x81,0x00,0x01,0xE0,
		0xE0,0x07,0xC1,0xFC,0x00,0x7F,0xC0,0x7F,
		0x80,0x1F,0x81,0xFF,0xF0,0x00,0x00,0x0F,
		0xFF,0x00,0x02,0x07,0xE0,0x0F,0x00,0x03,
		0xF8,0x0F,0x83,0x0E,0x02,0x0F,0xC0,0x7F,
		0x0F,0x03,0xC0,0x7E,0x06,0x07,0xFF,0x1F,
		0x00,0x1F,0xCF,0x1F,0x03,0xFC,0x0F,0xFF,
		0x1F,0x00,0x0F,0xC7,0xFC,0x00,0x3F,0xE0,
		0x7F,0x80,0x60,0x00,0x7F,0x03,0xE1,0x03,
		0xC1,0x83,0xE0,0x03,0x00,0xFC,0x1F,0xC0,
		0x00,0xFC,0x0F,0xC1,0xF2,0x03,0xE1,0x07,
		0xC0,0x0F,0x80,0x0F,0x03,0x87,0x00,0x00,
		0x0F,0x81,0xFC,0x07,0xFF,0xF0,0x0E,0x07,
		0xFF,0x87,0x8F,0x87,0xFF,0xCF,0xC7,0xE1,
		0xFF,0xFF,0x01,0xF0,0xFF,0x80,0x01,0x80,
		0xE3,0x00,0xE0,0x00,0x00,0x00,0xE0,0x0F,
		0xF8,0x00,0xFE,0x0F,0x80,0x3E,0x0F,0xFF,
		0xC0,0xF8,0x03,0xFE,0x3F,0x1F,0x01,0xFC,
		0x00,0x3F,0x00,0xFF,0x00,0x06,0x03,0xFC,
		0x01,0xFC,0x07,0xF0,0x0F,0xE0,0x3E,0x00,
		0x3F,0x80,0xFE,0x01,0xF8,0x00,0xF8,0x0F,
		0xE0,0x30,0xF1,0xF1,0xF8,0x00,0xF0,0x7F,
		0xF0,0x3F,0x80,0x7E,0x07,0xE0,0x00,0xFE,
		0x03,0xE0,0x0F,0xFE,0x01,0xF8,0x0F,0xF0,
		0x74,0x00,0x18,0x03,0xF8,0x00,0xE0,0x1F,
		0xC0,0x00,0xC0,0x7E,0x03,0xFC,0x1C,0x00,
		0x3F,0x78,0x3E,0x00,0x7C,0x3F,0x00,
};
static char achPhonemeZ[] =
{

		0xFC,0x7E,0x0F,0x83,0xF8,0x3B,0xC1,0xF0,
		0x7C,0x1F,0x80,0xF0,0x8F,0x83,0xE1,0xC7,
		0xE0,0xF0,0x7C,0x07,0x0F,0x0F,0x81,0xC0,
		0x63,0xC0,0x7C,0x07,0x83,0xC0,0x3E,0x03,
		0x80,0x00,0x00,0x03,0x00,0x00,0x7E,0x1F,
		0xF0,0xF8,0xF8,0x7E,0x3B,0xE1,0xF8,0x07,
		0x83,0xC0,0x1C,0x00,0xC3,0xC1,0xC0,0x7C,
		0xFC,0x7C,0x7F,0x1D,0x9E,0x1E,0x3E,0x1E,
		0x1F,0x1E,0x30,0x3E,0x1F,0x07,0x00,0xF0,
		0x1F,0x00,0x00,0x38,0x07,0x00,0x40,0xFE,
		0x1F,0x8F,0xFF,0xF8,0xF1,0xF0,0xF0,0xF8,
		0x61,0xE0,0xF8,0x7C,0x1F,0x03,0xF0,0x7E,
		0x07,0x81,0xE6,0x1E,0x0F,0x87,0xE0,0xF0,
		0x87,0xC0,0xE0,0x78,0x3E,0x1F,0x03,0x81,
		0xC0,0x3C,0x00,0x00,0x00,0x00,0x00,0x03,
		0xFF,0x8F,0xE0,0x7F,0x8F,0xE3,0xCF,0x8F,
		0xC1,0xE1,0xC1,0x87,0x03,0x81,0xE0,0x7C,
		0x1F,0xC1,0xF0,0x3C,0x3E,0x3F,0x3C,0xE0,
		0x0F,0x07,0x87,0xC3,0xF8,0x78,0x1E,0x78,
		0xC0,0x10,0x30,0x00,0x00,0x00,0x00,0x00,
		0x01,0x9F,0x9F,0xF1,0xFE,0xFC,0xFF,0x03,
		0xC7,0x83,0xC3,0xC0,0x3E,0x00,0x30,0x18,
		0x7C,0x1F,0xC3,0xE1,0xF8,0xE7,0x18,0xE1,
		0xE0,0x3F,0x0F,0x83,0xC0,0x73,0x87,0xE0,
		0x7C,0x00,0x00,0x70,0x1C,0x00,0x00,0xC0,
		0x1C,0x00,0xF8,0xFC,0xFF,0x3F,0xFF,0xE3,
		0xC0,0xFC,0x3E,0x03,0x00,0x03,0xC1,0xC0,
		0x38,0x3E,0x0F,0x0F,0x1E,0x1F,0x07,0xF0,
		0xFE,0x1F,0xC0,0x78,0x7F,0x07,0xC1,0xF0,
		0x7E,0x0F,0x81,0xE0,0x78,0x0E,0x00,0x60,
		0x00,0x00,0x00,0x7D,0x03,0xFF,0xFF,0xFF,
		0x0F,0xE0,0x3F,0x81,0xF8,0x1C,0x0F,0x02,
		0x78,0x3F,0x03,0xE0,0xFC,0x1F,0x83,0xC1,
		0xE1,0xFC,0xE3,0xC1,0xF0,0x3E,0x1F,0x03,
		0xC0,0xCF,0x07,0xC0,0xF0,0x00,0x00,0x00,
		0x00,0x00,0x00,0x1C,0x3F,0x01,0xF0,0x7F,
		0xF0,0xFF,0x1F,0x0F,0x8F,0x07,0x81,0xC0,
		0x0F,0x03,0xB0,0xE0,0x3C,0x73,0x81,0xC7,
		0x78,0x7F,0x83,0xC1,0xF0,0xF8,0xF8,0x3C,
		0x0F,0x01,0xE0,0xF8,0x70,0x03,0x00,0x38,
		0x00,0x01,0xC0,0xF0,0x00,0x07,0xC3,0xFF,
		0xFF,0xF8,0xFE,0x1E,0x1F,0x83,0x87,0x07,
		0x06,0x00,0x0F,0x0F,0x81,0xE0,0xFE,0x0F,
		0xE1,0xE4,0x3E,0x1F,0x18,0xF0,0x1F,0x87,
		0x81,0xE3,0x81,0xE1,0xF0,0xF0,0x0F,0x81,
		0xE0,0x00,0x00,0x00,0x00,0x00,0x1F,0x81,
		0xF8,0xFF,0xFF,0xC0,0xF8,0xC7,0xC1,0x8F,
		0x0C,0x60,0x1E,0x1F,0x07,0x10,0x1E,0x1E,
		0x1F,0x1F,0xC7,0xFF,0xC1,0xF0,0x3E,0x03,
		0xC3,0xE0,0xF0,0x78,0xE1,0xF8,0x7C,0x07,
		0xC0,0xF0,0x00,0x03,0x00,0x00,0x01,0xFF,
		0xC3,0xF3,0xFF,0xF9,0xF8,0x7F,0x1F,0xC0,
		0xF0,0x3E,0x0F,0x81,0xE0,0xF0,0x78,0x1C,
		0xF0,0x3E,0x0F,0x07,0xC3,0x81,0xE3,0xC0,
		0x7E,0x0F,0x83,0xC7,0x1E,0x1F,0x00,0xF0,
		0x3E,0x07,0x00,0x00,0x08,0x00,0x00,0x00,
		0x7F,0x0F,0xF3,0xFF,0xFC,0x0F,0x1E,0x7E,
		0x3C,0x07,0xE0,0xE1,0xE0,0x38,0xC0,0xDC,
		0x1E,0x1E,0x3F,0xC1,0xCE,0x3E,0x03,0xF0,
		0xCF,0x07,0xC3,0xC1,0xF0,0xF0,0x43,0xC1,
		0xE0,0x00,0x00,0x00,0x00,0x00,0x00,0x00,
		0x00,0x7E,0xCF,0xF1,0xFF,0xFF,0xF0,0xFC,
		0x3F,0xE1,0xE0,0x30,0x40,0xE0,0xFC,0x1E,
		0x0F,0x0F,0x07,0x87,0xE1,0xFC,0x78,0x4F,
		0x03,0x83,0xC3,0xC0,0xF0,0x1F,0x07,0x80,
		0xFC,0x02,0x03,0x80,0x1C,0x00,0x00,0x00,
		0x20,0x00,0x3F,0x0F,0xE7,0xE3,0xF7,0xF0,
		0xFC,0x1F,0xC7,0x1C,0x00,0xE0,0x3C,0x3F,
		0x0F,0x1F,0x0E,0x21,0xF0,0xF8,0xF0,0xFC,
		0x3E,0x1F,0x87,0x8E,0x71,0x1E,0x03,0xF0,
		0xFC,0xF1,0x80,0x38,0x00,0x60,0x00,0x00,
		0x00,0x80,0x00,0xFF,0x1F,0xC7,0xEF,
};
static char achPhonemeAW[] =
{
		0x00,0x01,0xFF,0xFE,0x00,0x0E,0xFF,0xFF,
		0xE0,0x00,0x00,0xFF,0xFF,0xFF,0xC0,0x00,
		0x00,0x3F,0xFF,0xFF,0xFC,0x00,0x00,0x07,
		0xFF,0xFF,0xF8,0x3F,0xFF,0xFE,0x00,0x00,
		0x03,0xFF,0xFF,0xE0,0x00,0x00,0x1F,0xFF,
		0xE0,0x00,0x01,0xFF,0xFF,0xC0,0x00,0x8F,
		0xFF,0xFE,0x00,0x00,0x3F,0xFF,0xFF,0xFC,
		0x00,0x00,0x03,0xFF,0xFF,0xFF,0xC0,0x00,
		0x00,0x7F,0xFF,0xFF,0x01,0xFF,0xFF,0xC0,
		0x00,0x00,0x7F,0xFF,0xFE,0x00,0x00,0x01,
		0xFF,0xFE,0x00,0x00,0x1F,0xFF,0xF8,0x00,
		0x04,0xFF,0xFF,0xC0,0x00,0x01,0xFF,0xFF,
		0xFF,0xE0,0x00,0x00,0x1F,0xFF,0xFF,0xFF,
		0x00,0x00,0x03,0xFF,0xFF,0xF8,0x3F,0xFF,
		0xFF,0x00,0x00,0x03,0xFF,0xFF,0xE0,0x00,
		0x00,0x0F,0xFF,0xC0,0x00,0x01,0x8F,0xFF,
		0x00,0x00,0xCF,0xFF,0xFE,0x00,0x00,0x07,
		0xFF,0xFF,0xFF,0x00,0x00,0x00,0xFF,0xFF,
		0xFF,0xFC,0x00,0x00,0x0F,0xFF,0xFF,0xE0,
		0xFF,0xFF,0xF0,0x00,0x00,0x0F,0xFF,0xFF,
		0x80,0x00,0x00,0x7F,0xFF,0x00,0x00,0x1D,
		0xFF,0xFC,0x00,0x00,0x7F,0xFF,0xF0,0x00,
		0x00,0x3F,0xFF,0xFF,0xF0,0x00,0x00,0x1F,
		0xFF,0xFF,0xFF,0x00,0x00,0x01,0xFF,0xFB,
		0xFC,0x1F,0xFF,0xFF,0x00,0x00,0x03,0xFF,
		0xFF,0xF0,0x00,0x00,0x0F,0xFF,0xC0,0x00,
		0x00,0x7F,0xEF,0x80,0x00,0x07,0xFF,0xFF,
		0x80,0x00,0x07,0xFF,0xFF,0xF8,0x00,0x00,
		0x0F,0xFF,0xFF,0xFF,0x00,0x00,0x01,0xFF,
		0xFF,0xFE,0x0F,0xFF,0xFF,0x00,0x00,0x03,
		0xFF,0xFF,0xF0,0x00,0x00,0x07,0xFF,0xC0,
		0x00,0x00,0xC7,0xFF,0x80,0x00,0x3F,0xFF,
		0xFF,0x00,0x00,0x01,0xFF,0xFF,0xFF,0x80,
		0x00,0x00,0xFF,0xFF,0xFF,0xF8,0x00,0x00,
		0x1F,0xFF,0xBF,0xC0,0xFF,0xFF,0xF0,0x00,
		0x00,0x3F,0xFF,0xFF,0x80,0x00,0x00,0xFF,
		0xFF,0x80,0x00,0x03,0xFF,0xF8,0x00,0x00,
		0x7F,0xFF,0xE0,0x00,0x00,0x1F,0xFF,0xFF,
		0xFF,0x00,0x00,0x03,0xF7,0xFF,0xFF,0xF0,
		0x00,0x00,0x3F,0xFF,0xFF,0x81,0xFF,0xFF,
		0xE0,0x00,0x00,0x3F,0xFF,0xFF,0x00,0x00,
		0x01,0xFF,0xFF,0xC0,0x00,0x21,0xFF,0xE0,
		0x00,0x03,0xFF,0xFF,0xC0,0x00,0x00,0xFF,
		0xFF,0xFF,0xF8,0x00,0x00,0x0F,0xFF,0xFF,
		0xFF,0x80,0x00,0x00,0xFF,0xFF,0xFE,0x0F,
		0xFF,0xFF,0x00,0x00,0x01,0xFF,0xFF,0xF8,
		0x00,0x00,0x0F,0xFF,0xF0,0x00,0x00,0xFF,
		0xFF,0xC0,0x00,0x03,0xFF,0xFF,0x80,0x00,
		0x00,0xFF,0xFF,0xFF,0x80,0x00,0x00,0x1F,
		0xFF,0xFF,0xFF,0x00,0x00,0x03,0xFF,0xFF,
		0xF8,0x3F,0xFF,0xFE,0x00,0x00,0x03,0xFF,
		0xFF,0xF0,0x00,0x00,0x1F,0xFF,0xC0,0x00,
		0x01,0xFF,0xFF,0x00,0x00,0x07,0xFF,0xFF,
		0x00,0x00,0x07,0xFF,0xFF,0xFE,0x00,0x00,
		0x00,0xFF,0xFF,0xFF,0xF0,0x00,0x00,0x1F,
		0xFF,0xFF,0xC1,0xFF,0xFF,0xF0,0x00,0x00,
		0x1F,0xFF,0xFF,0x80,0x00,0x00,0xFF,0xFE,
		0x00,0x00,0x1F,0xFF,0xFC,0x00,0x00,0x3F,
		0xFF,0xF8,0x00,0x00,0x3F,0xFF,0xFF,0xE0,
		0x00,0x00,0x1F,0xFF,0xFF,0xFF,0x00,0x00,
		0x03,0xFF,0xFB,0xF8,0x3F,0xFF,0xFE,0x00,
		0x00,0x07,0xFF,0xFF,0xE0,0x00,0x00,0x1F,
		0xFF,0x80,0x00,0x00,0xFF,0xFF,0x80,0x00,
		0x07,0xFF,0xFF,0x00,0x00,0x07,0xFF,0xFF,
		0xFC,0x00,0x00,0x01,0xFF,0xFF,0xFF,0xE0,
		0x00,0x00,0x3F,0xFF,0xFF,0x83,0xFF,0xFF,
		0xC0,0x00,0x00,0x7F,0xFF,0xFE,0x00,0x00,
		0x03,0xFF,0xFC,0x00,0x00,0x3F,0xFF,0xF0,
		0x00,0x00,0xFF,0xFF,0xE0,0x00,0x00,0xFF,
		0xFF,0xFF,0x00,0x00,0x00,0x7F,0xFF,0xFF,
		0xF8,0x00,0x00,0x07,0xFF,0xEF,0xE0,0x3F,
		0xFF,0xFC,0x00,0x00,0x07,0xFF,0xFF,
};
static char achPhonemeAH[] =
{
		0x00,0x00,0xFF,0xFE,0x00,0x00,0x3F,0x00,
		0x0F,0xFF,0xFF,0x00,0x03,0xC7,0xFF,0x00,
		0x03,0xF3,0xFF,0xFF,0xFF,0x00,0x1F,0x07,
		0xFF,0xF0,0x0F,0x80,0xFC,0x00,0x0F,0xFF,
		0xFF,0x00,0x03,0xF0,0x1F,0xE0,0x1F,0xF8,
		0x00,0x00,0x03,0xFF,0xE0,0x00,0x00,0x78,
		0x00,0x3F,0xFF,0xFE,0x00,0x0E,0x1F,0xF8,
		0x00,0x1F,0xFF,0xFF,0xFF,0xFE,0x00,0x3E,
		0x0F,0xFF,0xC0,0x1F,0x01,0xF8,0x00,0x1F,
		0xFF,0xFF,0x00,0x07,0xE0,0x7F,0xC0,0x7F,
		0xF0,0x00,0x00,0x0F,0xFF,0xC0,0x20,0x03,
		0xF0,0x00,0xFF,0xFF,0xF0,0x00,0x30,0x1F,
		0xE0,0x00,0x7F,0xC7,0xFF,0xFF,0xFC,0x00,
		0x7C,0x1F,0xFF,0x80,0x3E,0x03,0xF0,0x00,
		0x3F,0xFF,0xFE,0x00,0x0F,0xC0,0xFF,0xC0,
		0x7F,0xF0,0x00,0x00,0x0F,0xFF,0x00,0x00,
		0x03,0xE0,0x00,0xFF,0xFF,0xF0,0x00,0x1C,
		0x1F,0xF8,0x00,0x7F,0xF7,0xFF,0xFF,0xF8,
		0x00,0xF8,0x7F,0xFF,0x00,0x7C,0x07,0xE0,
		0x00,0x7F,0xFF,0xFC,0x00,0x1F,0x80,0x7F,
		0x00,0xFF,0xC0,0x00,0x00,0x3F,0xFF,0x00,
		0x80,0x03,0xE0,0x03,0xFF,0xFF,0xE0,0x01,
		0xE0,0xFF,0xC0,0x01,0xFF,0xCF,0xFF,0xFF,
		0xF0,0x01,0xE0,0xFF,0xFE,0x00,0xF8,0x0F,
		0xC0,0x00,0xFF,0xFF,0xF0,0x00,0x3F,0x83,
		0xFF,0x01,0xFF,0x80,0x00,0x00,0x7F,0xFE,
		0x00,0x00,0x0F,0x80,0x01,0xFF,0xFF,0xC0,
		0x00,0x61,0xFF,0x80,0x01,0xFF,0x7F,0xFF,
		0xFF,0xE0,0x03,0xC0,0xFF,0xFE,0x01,0xF0,
		0x1F,0x80,0x01,0xFF,0xFF,0xF0,0x00,0x7F,
		0x03,0xFF,0x03,0xFF,0x80,0x00,0x00,0xFF,
		0xFC,0x02,0x00,0x1F,0x00,0x07,0xFF,0xFF,
		0xC0,0x01,0x73,0xFF,0xC0,0x07,0xFE,0xFF,
		0xFF,0xFF,0xC0,0x07,0x81,0xFF,0xF8,0x03,
		0xE0,0x3F,0x00,0x03,0xFF,0xFF,0xC0,0x00,
		0xFC,0x0F,0xFC,0x07,0xFF,0x00,0x00,0x01,
		0xFF,0xF8,0x00,0x00,0x7C,0x00,0x1F,0xFF,
		0xFF,0x00,0x06,0x07,0xFF,0x00,0x07,0xF8,
		0x7F,0xDF,0xFF,0xC0,0x07,0x81,0xFF,0xF8,
		0x03,0xE0,0x7F,0x00,0x03,0xFF,0xFF,0xC0,
		0x00,0xF8,0x07,0xFC,0x07,0xFE,0x00,0x00,
		0x01,0xFF,0xF8,0x18,0x00,0xFE,0x00,0x1F,
		0xFF,0xFE,0x00,0x03,0xC7,0xFF,0x00,0x1F,
		0xFB,0xFF,0xFF,0xFF,0x80,0x0F,0x03,0xFF,
		0xF0,0x07,0xC0,0x7E,0x00,0x07,0xFF,0xFF,
		0xC0,0x01,0xF8,0x1F,0xF8,0x0F,0xFC,0x00,
		0x00,0x03,0xFF,0xF0,0x10,0x00,0xFC,0x00,
		0x1F,0xFF,0xFE,0x00,0x07,0x07,0xFE,0x00,
		0x0F,0xF0,0x7F,0xBF,0xFF,0x80,0x0F,0x07,
		0xFF,0xF0,0x0F,0x80,0xFC,0x00,0x0F,0xFF,
		0xFF,0x80,0x01,0xF0,0x0F,0xF8,0x0F,0xFC,
		0x00,0x00,0x03,0xFF,0xE0,0x1C,0x00,0x7C,
		0x00,0x3F,0xFF,0xFF,0x00,0x0E,0x1F,0xFE,
		0x00,0x3F,0xF7,0xFF,0xFF,0xFE,0x00,0x3C,
		0x0F,0xFF,0xC0,0x1F,0x01,0xF8,0x00,0x1F,
		0xFF,0xFF,0x00,0x07,0xC0,0x3F,0xE0,0x3F,
		0xF0,0x00,0x00,0x07,0xFF,0xC0,0xE0,0x00,
		0xF8,0x00,0xFF,0xFF,0xFC,0x00,0x1E,0x9F,
		0xFC,0x00,0x3F,0xE3,0xFF,0xFF,0xFE,0x00,
		0x3C,0x0F,0xFF,0xC0,0x1F,0x01,0xF8,0x00,
		0x1F,0xFF,0xFF,0x00,0x07,0xE0,0x1F,0xE0,
		0x3F,0xF8,0x00,0x00,0x07,0xFF,0xC0,0x70,
		0x03,0xF0,0x00,0x7F,0xFF,0xFC,0x00,0x3C,
		0x7F,0xF8,0x00,0x3F,0xCF,0xFF,0x9F,0xFF,
		0x80,0x1F,0x07,0xFF,0xF0,0x0F,0x80,0xFE,
		0x00,0x07,0xFF,0xFF,0x80,0x01,0xF0,0x1F,
		0xF8,0x0F,0xFC,0x00,0x00,0x01,0xFF,0xE0,
		0x38,0x00,0xFC,0x00,0x1F,0xFF,0xFF,0x00,
		0x07,0xCF,0xFE,0x00,0x3F,0xEF,0xFF,0xFF,
		0xFF,0x00,0x3E,0x0F,0xFF,0xE0,0x1F,0x00,
		0xFC,0x00,0x0F,0xFF,0xFF,0x00,0x03,0xF0,
		0x3F,0xF0,0x3F,0xF8,0x00,0x00,0x07,
};
static char achPhonemeUH[] =
{
		0x00,0x7F,0xFF,0xFF,0xC0,0xE0,0x0C,0x00,
		0x00,0x00,0x7F,0xFF,0xFE,0x00,0x00,0x00,
		0x1C,0x7F,0x0F,0xFF,0xDF,0xC0,0x00,0x01,
		0xFF,0xFF,0xE0,0x00,0x1F,0xFF,0xFE,0x00,
		0x00,0x00,0xFF,0xFF,0xFF,0x83,0xF0,0x7C,
		0x00,0x00,0x07,0xFF,0xFF,0xF8,0x1C,0x01,
		0x80,0x00,0x00,0x0F,0xFF,0xFF,0xC0,0x00,
		0x00,0x00,0x87,0xE0,0xFF,0xFF,0xF8,0x00,
		0x00,0x3F,0xFF,0xFE,0x00,0x03,0xFF,0xFF,
		0x80,0x00,0x00,0x1F,0xFF,0xFF,0xF8,0x7E,
		0x07,0x80,0x00,0x00,0xFF,0xFF,0xFF,0x03,
		0x00,0x20,0x00,0x00,0x00,0xFF,0xFF,0xF8,
		0x00,0x00,0x00,0x30,0xFE,0x3F,0xFF,0xFF,
		0x00,0x00,0x03,0xFF,0xFF,0x80,0x00,0xFF,
		0xFF,0xF0,0x00,0x00,0x07,0xFF,0xFF,0xFE,
		0x1F,0x81,0xF0,0x00,0x00,0x1F,0xFF,0xFF,
		0xE0,0xE0,0x06,0x00,0x00,0x00,0x0F,0xFF,
		0xFF,0x00,0x00,0x00,0x0F,0x1F,0xC7,0xFF,
		0xFF,0x38,0x00,0x00,0x7F,0xFF,0xE0,0x00,
		0x0F,0xFF,0xFF,0x00,0x00,0x00,0xFE,0xFF,
		0xFF,0x83,0xE0,0x7E,0x00,0x00,0x07,0xFF,
		0xFF,0xF8,0x18,0x01,0x80,0x00,0x00,0x01,
		0xFF,0xFF,0xC0,0x00,0x00,0x03,0xC7,0xE0,
		0xFF,0xFF,0xF8,0x00,0x00,0x1F,0xFF,0xFE,
		0x00,0x03,0xFF,0xFF,0x80,0x00,0x00,0x1F,
		0xFF,0xFF,0xF0,0x7E,0x0F,0x80,0x00,0x00,
		0xFF,0xFF,0xFF,0x07,0x00,0x20,0x00,0x00,
		0x00,0x7F,0xFF,0xF8,0x00,0x00,0x00,0xE0,
		0xFC,0x3F,0xFF,0xFF,0x00,0x00,0x07,0xFF,
		0xFF,0x00,0x00,0xFF,0xFF,0xE0,0x00,0x00,
		0x0F,0xFF,0xFF,0xF8,0x1F,0x03,0xE0,0x00,
		0x00,0x7F,0xFF,0xFF,0x81,0x80,0x18,0x00,
		0x00,0x00,0x3F,0xFF,0xFC,0x00,0x00,0x00,
		0x38,0x3F,0x0F,0xFF,0xFF,0x80,0x00,0x00,
		0xFF,0xFF,0xE0,0x00,0x3F,0xFF,0xFC,0x00,
		0x00,0x03,0xFF,0xFF,0xFE,0x0F,0x81,0xF0,
		0x00,0x00,0x1F,0xFF,0xFF,0xE0,0x60,0x00,
		0x00,0x00,0x00,0x07,0xFF,0xFF,0xF0,0x00,
		0x00,0x1F,0x1F,0xC7,0xFF,0xFF,0xF0,0x00,
		0x00,0x7F,0xFF,0xF0,0x00,0x0F,0xFF,0xFE,
		0x00,0x00,0x03,0xFF,0xFF,0xFE,0x0F,0x81,
		0xF8,0x00,0x00,0x1F,0xFF,0xFF,0xE0,0x60,
		0x00,0x00,0x00,0x00,0x07,0xFF,0xFF,0xE0,
		0x00,0x00,0x0F,0x0F,0xC3,0xFF,0xFF,0xE0,
		0x00,0x00,0x7F,0xFF,0xF8,0x00,0x07,0xFF,
		0xFF,0x00,0x00,0x00,0xFF,0xFF,0xFF,0x03,
		0xE0,0x7C,0x00,0x00,0x07,0xFF,0xFF,0xF0,
		0x18,0x00,0x00,0x00,0x00,0x01,0xFF,0xFF,
		0xE0,0x00,0x00,0x07,0x07,0xE1,0xFF,0xFF,
		0xFC,0x00,0x00,0x1F,0xFF,0xFE,0x00,0x07,
		0xFF,0xFF,0x00,0x00,0x00,0xFD,0xFF,0xFF,
		0x03,0xE0,0xFC,0x00,0x00,0x0F,0xFF,0xFF,
		0xF0,0x70,0x00,0x00,0x00,0x00,0x03,0xFF,
		0xFF,0xFC,0x00,0x00,0x0F,0x0F,0xC1,0xFF,
		0xFF,0xF8,0x00,0x00,0x3F,0xFF,0xF8,0x00,
		0x0F,0xFF,0xFE,0x00,0x00,0x01,0xFF,0xFF,
		0xFF,0x07,0xC0,0xF8,0x00,0x00,0x0F,0xFF,
		0xFF,0xE0,0x00,0x00,0x00,0x00,0x00,0x07,
		0xFF,0xFF,0xF8,0x00,0x00,0x0E,0x0F,0xC3,
		0xFF,0xFF,0xE0,0x00,0x00,0x3F,0xFF,0xFC,
		0x00,0x0F,0xFF,0xFF,0x00,0x00,0x00,0xFF,
		0xFF,0xFF,0x83,0xE0,0x7C,0x00,0x00,0x03,
		0xFF,0xFF,0xF8,0x10,0x00,0x00,0x00,0x00,
		0x01,0xFF,0xFF,0xFE,0x00,0x00,0x03,0x07,
		0xF3,0xFF,0xFF,0xF8,0x00,0x00,0x0F,0xFF,
		0xFE,0x00,0x03,0xFF,0xFF,0x00,0x00,0x01,
		0xF9,0xFF,0xFF,0x07,0xC0,0xFC,0x00,0x00,
		0x07,0x7F,0xFF,0xF0,0x60,0x00,0x00,0x00,
		0x00,0x03,0xFF,0xFF,0xFC,0x00,0x00,0x06,
		0x0F,0x87,0xFF,0xFF,0xF3,0x00,0x00,0x3F,
		0xFF,0xFC,0x00,0x07,0xFF,0xFF,0x00,0x00,
		0x03,0xE3,0xFF,0xFC,0x1F,0x03,0xF8,
};
static char achPhonemeAE[] =
{
		0x01,0xFF,0xFF,0x01,0x63,0xF0,0x03,0xF1,
		0xFF,0xBF,0xF0,0x03,0xF8,0x0F,0xE0,0xFE,
		0x00,0xFF,0xE0,0x0F,0xC1,0xFE,0x03,0xFC,
		0x00,0x01,0x01,0xFC,0x07,0xF0,0x00,0x03,
		0xC0,0x00,0x1F,0xE0,0x07,0xC0,0x06,0x00,
		0x7F,0x00,0x7C,0x3E,0x00,0x01,0xF8,0x01,
		0xFF,0xFF,0xFF,0xF0,0x03,0xF8,0x0F,0xE0,
		0xFE,0x00,0xFB,0xE0,0x0F,0xC0,0xFE,0x03,
		0xFC,0x00,0x03,0x00,0xFC,0x07,0xF0,0x00,
		0x01,0xE0,0x00,0x1F,0xE0,0x1C,0x00,0x00,
		0x00,0x7F,0x80,0xFF,0xFF,0x00,0x03,0xFC,
		0x00,0xFE,0xFF,0x9F,0xFC,0x01,0xFC,0x07,
		0xF0,0x7F,0x00,0x7D,0xF8,0x07,0xE0,0xFF,
		0x01,0xFE,0x00,0x03,0x80,0xFE,0x03,0xFC,
		0x00,0x00,0xC0,0x00,0x07,0xF8,0x00,0x0F,
		0x80,0x00,0x3F,0xE0,0x00,0xFF,0x80,0x00,
		0x3F,0x00,0x3F,0xFF,0x1F,0xF8,0x01,0xFC,
		0x07,0xF0,0x7F,0x00,0xFF,0xF0,0x07,0xE0,
		0xFF,0x01,0xFE,0x00,0x03,0x80,0xFE,0x03,
		0xF8,0x00,0x00,0x60,0x08,0x0F,0xF0,0x07,
		0xF8,0x03,0xC0,0x7F,0x80,0x7F,0xF7,0x80,
		0x08,0xF8,0x01,0xFF,0xFF,0xFF,0xE0,0x0F,
		0xE0,0x1F,0x83,0xFC,0x03,0xEF,0xC0,0x3F,
		0x03,0xF8,0x0F,0xF0,0x00,0x1E,0x07,0xF0,
		0x3F,0xC0,0x00,0x0F,0x03,0xC0,0xFF,0x01,
		0xE0,0x04,0x00,0x00,0xFC,0x03,0xE1,0xF8,
		0x00,0x00,0x30,0x03,0xE7,0xFF,0xFF,0x00,
		0x7F,0x80,0xFE,0x1F,0xC0,0x1F,0x7F,0x00,
		0xFC,0x1F,0xC0,0x7F,0x80,0x01,0xF0,0x3F,
		0x80,0xFF,0x00,0x00,0x30,0x04,0x01,0xF8,
		0x07,0x80,0x70,0x00,0x03,0xF0,0x1F,0x9F,
		0xF0,0x06,0x08,0x00,0x1F,0xFF,0xFF,0xF8,
		0x01,0xFC,0x07,0xE0,0xFF,0x00,0xF3,0xF8,
		0x07,0xE0,0xFE,0x01,0xFE,0x00,0x07,0x80,
		0xFE,0x07,0xF8,0x00,0x03,0xC0,0x78,0x1F,
		0xE0,0x3E,0x03,0x00,0x00,0x7F,0x80,0xF0,
		0x7F,0x80,0x02,0x80,0x00,0x79,0xFF,0xF3,
		0xF0,0x07,0xF0,0x1F,0x83,0xFC,0x03,0x8F,
		0xE0,0x1F,0x83,0xF8,0x0F,0xF8,0x00,0x1F,
		0x07,0xF0,0x1F,0xE0,0x00,0x0E,0x01,0x00,
		0x7F,0x00,0x70,0x00,0x00,0x00,0xFE,0x01,
		0xF8,0x7F,0x00,0x08,0x70,0x07,0xFF,0xFF,
		0xFF,0x80,0x1F,0x80,0x7E,0x0F,0xE0,0x0E,
		0x1F,0x00,0xFE,0x0F,0xE0,0x3F,0xF0,0x00,
		0xF8,0x1F,0xC0,0xFF,0x00,0x00,0x70,0x1E,
		0x01,0xFC,0x0F,0x00,0xF8,0x00,0x03,0xFC,
		0x1E,0x0F,0xE0,0x00,0x00,0x80,0x0F,0xFF,
		0xFF,0xF0,0x01,0xFC,0x07,0xE0,0xFF,0x00,
		0xE1,0xF8,0x07,0xE0,0xFE,0x03,0xFF,0x00,
		0x0F,0x80,0xFC,0x0F,0xF8,0x00,0x03,0xC1,
		0xE0,0x1F,0x80,0xF0,0x07,0x80,0x00,0x7F,
		0x80,0x20,0x7F,0x00,0x00,0x03,0x00,0x3F,
		0xFF,0xFF,0x00,0x3F,0x80,0xFE,0x1F,0xE0,
		0x3F,0x3F,0x00,0xFC,0x3F,0xC0,0x7F,0xC0,
		0x00,0xF0,0x3F,0x80,0xFF,0x00,0x00,0x70,
		0x07,0x00,0xFF,0xC0,0x00,0xFC,0x00,0x03,
		0xFC,0x38,0x3F,0xF0,0x00,0x07,0xE0,0x03,
		0xFF,0xFE,0x00,0x3F,0x80,0xFE,0x0F,0xE0,
		0x1F,0xFF,0x00,0xFC,0x1F,0xC0,0x3F,0xC0,
		0x00,0x70,0x1F,0x80,0xFF,0x00,0x00,0x3C,
		0x00,0x00,0xFF,0xC0,0x0F,0xFE,0x00,0x07,
		0xF8,0x03,0xFF,0xF0,0x00,0x3B,0x00,0x0F,
		0xFF,0xFC,0x00,0xFF,0x01,0xF8,0x3F,0xC0,
		0x7F,0xFC,0x01,0xF8,0x7F,0x80,0xFF,0x00,
		0x00,0xF0,0x7F,0x01,0xFE,0x00,0x00,0x78,
		0x00,0x01,0xFF,0x00,0x7F,0x8F,0x00,0x1F,
		0xE0,0x0C,0xFF,0xE0,0x00,0x3F,0x00,0x7F,
		0xFF,0xF0,0x03,0xFC,0x07,0xE0,0xFF,0x00,
		0xFF,0xF0,0x07,0xC1,0xFE,0x03,0xFC,0x00,
		0x03,0xC1,0xFC,0x07,0xF8,0x00,0x03,0xE0,
		0x00,0x0F,0x81,0xE0,0x0F,0xD0,0x00,0x7E,
		0x03,0xF0,0xFF,0x00,0x00,0xCE,0x0F,
};
static char achPhonemeOH[] =
{
		0xFF,0x00,0x00,0x00,0x00,0x03,0xF0,0x00,
		0x01,0xFF,0xFF,0xFF,0xF0,0x00,0x00,0x00,
		0x1F,0xFF,0xFF,0xF8,0x00,0x03,0xFF,0xFE,
		0x00,0x00,0x00,0x7F,0xFF,0xFF,0xFC,0x00,
		0x00,0x00,0xFF,0xE0,0x00,0x00,0x00,0x3F,
		0xFF,0xFF,0xF8,0x00,0x00,0x00,0x00,0x7F,
		0x00,0x00,0x1F,0xFF,0xFF,0xFF,0x00,0x00,
		0x00,0x01,0xFF,0xFF,0xFF,0x02,0x00,0x1F,
		0xFE,0x00,0x00,0x00,0x0F,0xFF,0xFF,0xFF,
		0x80,0x00,0x00,0x7F,0xFE,0x00,0x00,0x00,
		0x03,0xFF,0xFF,0xFF,0x00,0x00,0x00,0x01,
		0x03,0xE0,0x00,0x03,0xFF,0xFF,0xFF,0xE0,
		0x00,0x00,0x00,0x3F,0xFF,0xFF,0xF8,0x00,
		0x0F,0xBF,0xFC,0x00,0x00,0x00,0x7F,0xFF,
		0xFF,0xF8,0x00,0x00,0x00,0xFF,0x80,0x00,
		0x00,0x00,0xFF,0xFF,0xFF,0xE0,0x00,0x00,
		0x00,0x00,0xFE,0x00,0x00,0x7F,0xFF,0xFF,
		0xFC,0x00,0x00,0x00,0x03,0xFF,0xFF,0xFC,
		0x00,0x00,0x7F,0xFE,0x00,0x00,0x00,0x0F,
		0xFF,0xFF,0xFF,0x00,0x00,0x00,0x3F,0xF0,
		0x00,0x00,0x00,0x1F,0xFF,0xFF,0xF8,0x00,
		0x00,0x00,0x00,0x3F,0x80,0x00,0x0F,0xFF,
		0xFF,0xFF,0x80,0x00,0x00,0x00,0xFF,0xFF,
		0xFF,0x80,0x00,0x07,0xFF,0xC0,0x00,0x00,
		0x03,0xFF,0xFF,0xFF,0xC0,0x00,0x00,0x07,
		0xF8,0x02,0x00,0x00,0x0F,0xFF,0xFF,0xFE,
		0x00,0x00,0x00,0x00,0x1F,0xC0,0x00,0x0F,
		0xFF,0xFF,0xFF,0xC0,0x00,0x00,0x00,0x7F,
		0xFF,0xFF,0xC0,0x00,0x03,0x87,0xC8,0x00,
		0x00,0x00,0xFF,0xFF,0xFF,0xF0,0x00,0x00,
		0x00,0xFC,0x01,0x00,0x00,0x07,0xFF,0xFF,
		0xFF,0x00,0x00,0x00,0x00,0x07,0xE0,0x00,
		0x03,0xFF,0xFF,0xFF,0xE0,0x00,0x00,0x00,
		0x1F,0xFF,0xFF,0xFE,0x00,0x07,0x07,0xFE,
		0x00,0x00,0x00,0x7F,0xFF,0xFF,0xFC,0x00,
		0x00,0x00,0x7F,0x00,0xC0,0x00,0x01,0xFF,
		0xFF,0xFF,0x80,0x00,0x00,0x00,0x03,0xF8,
		0x00,0x01,0xFF,0xFF,0xFF,0xF8,0x00,0x00,
		0x00,0x0F,0xFF,0xFF,0xF8,0x00,0x00,0x7F,
		0xF8,0x00,0x00,0x00,0x3F,0xFF,0xFF,0xFC,
		0x00,0x00,0x00,0x1F,0x00,0x00,0x00,0x00,
		0xFF,0xFF,0xFF,0xC0,0x00,0x00,0x00,0x01,
		0xFC,0x00,0x00,0xFF,0xFF,0xFF,0xFC,0x00,
		0x00,0x00,0x07,0xFF,0xFF,0xF8,0x00,0x00,
		0xFF,0xFC,0x00,0x00,0x00,0x3F,0xFF,0xFF,
		0xFC,0x00,0x00,0x00,0x1F,0x80,0x00,0x00,
		0x00,0xFF,0xFF,0xFF,0xC0,0x00,0x00,0x00,
		0x00,0xFC,0x00,0x01,0xFF,0xFF,0xFF,0xFC,
		0x00,0x00,0x00,0x07,0xFF,0xFF,0xFC,0x00,
		0x00,0x7F,0xFC,0x00,0x00,0x00,0x3F,0xFF,
		0xFF,0xFC,0x00,0x00,0x00,0x1F,0x00,0x00,
		0x00,0x00,0xFF,0xFF,0xFF,0xC0,0x00,0x00,
		0x00,0x01,0xFC,0x00,0x01,0xFF,0xFF,0xFF,
		0xF8,0x00,0x00,0x00,0x07,0xFF,0xFF,0xFF,
		0x00,0x01,0xC1,0xFF,0x00,0x00,0x00,0x1F,
		0xFF,0xFF,0xFC,0x00,0x00,0x00,0x7C,0x01,
		0x80,0x00,0x03,0xFF,0xFF,0xFF,0x02,0x00,
		0x00,0x00,0x07,0xF0,0x3C,0x0F,0xFF,0xFF,
		0xFF,0xE0,0x00,0x00,0x00,0x1F,0xFF,0xFF,
		0xF0,0x00,0x00,0xFF,0xF0,0x00,0x00,0x00,
		0xFF,0xFF,0xFF,0xF8,0x00,0x00,0x00,0x7C,
		0x01,0x00,0x00,0x07,0xFF,0xFF,0xFF,0x00,
		0x00,0x00,0x00,0x0F,0xE0,0x18,0x07,0xFF,
		0xFF,0xFF,0xE0,0x00,0x00,0x00,0x3F,0xFF,
		0xFF,0xF0,0x00,0x00,0xE3,0xE0,0x00,0x00,
		0x00,0xFF,0xFF,0xFF,0xF0,0x00,0x00,0x00,
		0x7E,0x00,0x80,0x00,0x03,0xFF,0xFF,0xFF,
		0x00,0x00,0x00,0x00,0x03,0xF0,0x08,0x03,
		0xFF,0xFF,0xFF,0xE0,0x00,0x00,0x00,0x1F,
		0xFF,0xFF,0xE0,0x00,0x01,0xE0,0xFF,0x00,
		0x00,0x00,0xFF,0xFF,0xFF,0xFC,0x00,0x00,
		0x00,0x7C,0x01,0x00,0x00,0x03,0xFF,
};
static char achPhonemeEH[] =
{
		0xFF,0x80,0x00,0x00,0xC0,0x0F,0xFF,0xFF,
		0xFF,0xFE,0x00,0x00,0x00,0x00,0x3F,0xFF,
		0xFF,0xC7,0xF0,0x00,0x06,0x03,0xFF,0xFF,
		0xFF,0xFF,0xC0,0x00,0x7C,0x07,0x03,0xF3,
		0xFC,0x1F,0xC0,0x01,0x80,0x20,0x00,0x7F,
		0x81,0xFF,0xE0,0x60,0x00,0x38,0x01,0xFF,
		0xFF,0xFD,0xFF,0xC0,0x00,0x00,0x00,0x07,
		0xFF,0xDF,0xF8,0x7C,0x00,0x06,0x00,0x7F,
		0xFF,0xFE,0xFF,0xF8,0x00,0x1F,0x01,0xC1,
		0xFC,0xFF,0x07,0xF0,0x00,0x60,0x00,0x00,
		0x1F,0xF0,0x7F,0xF8,0x18,0x00,0x1E,0x00,
		0xFF,0xFF,0xFF,0x7F,0xC0,0x00,0x00,0x00,
		0x01,0xFF,0xFF,0xFC,0x07,0xC0,0x03,0xE0,
		0x7F,0xFF,0xFF,0x87,0xFC,0x00,0x07,0xC0,
		0x78,0x7F,0x1F,0x81,0xFC,0x00,0x0C,0x00,
		0x00,0x03,0xFC,0x1F,0xFE,0x00,0x00,0x03,
		0x80,0x3F,0xFF,0xFF,0x9F,0xFC,0x00,0x00,
		0x00,0x03,0xFF,0x87,0xFF,0xFF,0x00,0x7E,
		0x00,0x1D,0xFF,0xFF,0x3F,0xF8,0x00,0x00,
		0xF8,0x0E,0x1F,0xC7,0xF0,0x7F,0x80,0x07,
		0x00,0x00,0x00,0xFF,0x07,0xFF,0x80,0x80,
		0x00,0xE0,0x0F,0xFF,0xDF,0xFF,0xFF,0x00,
		0x00,0x00,0x18,0x1F,0xFF,0xFF,0xFC,0x1E,
		0x00,0x07,0x03,0xFF,0xFF,0xFF,0xFF,0xC0,
		0x00,0xFC,0x0F,0x07,0xE3,0xF8,0x3F,0xC0,
		0x03,0x00,0x00,0x00,0x7F,0x83,0xFF,0xC0,
		0xC0,0x00,0xF0,0x07,0xFF,0xFF,0xF9,0xFF,
		0x80,0x00,0x00,0x00,0x07,0xFF,0xFF,0xF0,
		0xFE,0x00,0x01,0x40,0xFF,0xFF,0xFE,0x7F,
		0xF8,0x00,0x1F,0x01,0xC1,0xFC,0xFF,0x07,
		0xF8,0x00,0x60,0x10,0x00,0x1F,0xF0,0xFF,
		0xF8,0x18,0x00,0x1E,0x00,0xFF,0xFB,0xFF,
		0xFF,0xF0,0x00,0x00,0x00,0x00,0xFF,0xFF,
		0xFE,0x0F,0xC0,0x00,0x00,0x1F,0xFF,0xFF,
		0xFF,0xFF,0x80,0x01,0xF0,0x1C,0x1F,0x8F,
		0xE0,0xFF,0x00,0x06,0x00,0x00,0x01,0xFE,
		0x0F,0xFF,0x00,0x00,0x00,0xC0,0x0F,0xFF,
		0xBF,0xFF,0xFC,0x00,0x00,0x00,0x00,0x3F,
		0xFF,0xFF,0xE1,0xFC,0x00,0x00,0x03,0xFF,
		0x7F,0xFF,0xFF,0xE0,0x00,0x0F,0x81,0xE0,
		0xFC,0x7F,0x07,0xF8,0x00,0x60,0x00,0x00,
		0x0F,0xF0,0x7F,0xF8,0x18,0x00,0x0E,0x00,
		0xFF,0xFF,0xFF,0x3F,0xF0,0x00,0x00,0x00,
		0x00,0xFF,0xFF,0xFE,0x1F,0xE0,0x00,0x18,
		0x3F,0xFF,0xFF,0xFF,0xFF,0x00,0x01,0xF0,
		0x3C,0x1F,0x8F,0xE0,0xFF,0x00,0x0E,0x00,
		0x00,0x01,0xFE,0x0F,0xFF,0x01,0x00,0x00,
		0x80,0x0F,0xFF,0x9F,0xFF,0xFC,0x00,0x00,
		0x00,0x00,0x1F,0xFF,0xFF,0x81,0xF8,0x00,
		0x00,0x07,0xFF,0xFF,0xFF,0xFF,0xF0,0x00,
		0x1F,0x01,0xC1,0xFC,0xFF,0x07,0xF8,0x00,
		0x60,0x00,0x00,0x1F,0xE0,0xFF,0xF8,0x18,
		0x00,0x1E,0x00,0xFF,0xFF,0xFF,0xFF,0xC0,
		0x00,0x00,0x00,0x0F,0xFE,0x0F,0xFF,0xFC,
		0x00,0xFC,0x00,0xFF,0xFF,0xFF,0xFF,0xF0,
		0x00,0x07,0xC0,0xF0,0xFE,0x3F,0x83,0xFC,
		0x00,0x38,0x00,0x00,0x07,0xF8,0x3F,0xFE,
		0x04,0x00,0x06,0x00,0x7F,0xFC,0xFF,0xFF,
		0xF8,0x00,0x00,0x00,0x00,0x3F,0xFB,0xFF,
		0x03,0xF0,0x00,0x18,0x1F,0xF8,0xFF,0xFF,
		0xFF,0x00,0x00,0xF8,0x1E,0x1F,0xC7,0xF0,
		0x7F,0x80,0x07,0x00,0x00,0x00,0xFF,0x07,
		0xFF,0x80,0x00,0x00,0xC0,0x07,0xFF,0xFF,
		0xFF,0xFF,0x00,0x00,0x08,0x00,0x1F,0xFE,
		0x7F,0x87,0xF0,0x00,0x02,0x03,0xFF,0xFF,
		0xEF,0xFF,0xC0,0x00,0x3E,0x07,0x83,0xF1,
		0xFC,0x1F,0xE0,0x00,0xC0,0x00,0x00,0x3F,
		0xC1,0xFF,0xF0,0x30,0x00,0x1C,0x01,0xFF,
		0xFB,0xFD,0xFF,0xC0,0x00,0x00,0x00,0x3F,
		0x9C,0x7F,0xFF,0xF0,0x03,0xE0,0x01,0xFF,
		0xFF,0xFF,0xFF,0xC0,0x00,0x1F,0x01,0xC1,
		0xFC,0x7F,0x0F,0xF0,0x00,0xE0,0x00,
};
static char achPhonemeOO[] =
{
		0x00,0x00,0xFC,0x00,0x00,0x00,0x07,0xFF,
		0xFF,0xFF,0xFF,0xFF,0xFF,0xFF,0xC0,0x00,
		0x00,0x00,0x00,0x1F,0xFF,0xFF,0xFF,0xFF,
		0xFF,0xFF,0xFF,0x80,0x00,0x00,0x00,0x00,
		0x00,0x00,0x00,0x3F,0xFF,0xFF,0xFF,0x01,
		0x00,0x07,0xFF,0x80,0x00,0x00,0x0F,0xFF,
		0xFF,0xFF,0xFF,0xC0,0x0F,0xFF,0x80,0x00,
		0x00,0x00,0x00,0x1F,0xFF,0xFF,0xFF,0xFF,
		0xFF,0xFF,0xFF,0x80,0x00,0x00,0x00,0x00,
		0x00,0x00,0x00,0x3F,0xFF,0xFF,0xFF,0xE0,
		0x00,0x03,0xFF,0x00,0x00,0x00,0x03,0xFF,
		0xFF,0xFF,0xFF,0xFF,0xFF,0xFF,0xC0,0x00,
		0x00,0x00,0x00,0x07,0xFF,0xFF,0xFF,0xFF,
		0xFF,0xFF,0xFF,0xC0,0x00,0x00,0x00,0x00,
		0x00,0x00,0x00,0x0F,0xFF,0xFF,0xFF,0xF0,
		0x00,0x00,0x7F,0x00,0x00,0x00,0x01,0xFF,
		0xFF,0xFF,0xFF,0xFF,0xFF,0xFF,0xF0,0x00,
		0x00,0x00,0x00,0x01,0xFF,0xFF,0xFF,0xFF,
		0xFF,0xFF,0xFF,0xF8,0x00,0x00,0x00,0x00,
		0x00,0x00,0x00,0x03,0xFF,0xFF,0xFF,0xFF,
		0x40,0x1E,0x3F,0xC0,0x00,0x00,0x01,0xFF,
		0xFF,0xFF,0xFF,0xFF,0xFF,0xFF,0xC0,0x00,
		0x00,0x00,0x00,0x00,0xFF,0xFF,0xFF,0xFF,
		0xFF,0xFF,0xFF,0xFC,0x00,0x00,0x00,0x00,
		0x00,0x00,0x00,0x03,0xFF,0xFF,0xFF,0xFF,
		0x70,0x06,0x0F,0xC0,0x00,0x00,0x00,0x7F,
		0xFF,0xFF,0xFF,0xFF,0xFF,0xFF,0xF8,0x00,
		0x00,0x00,0x00,0x00,0x7F,0xFF,0xFF,0xFF,
		0xFF,0xFF,0xFF,0xFC,0x00,0x00,0x00,0x00,
		0x00,0x00,0x00,0x01,0xFF,0xFF,0xFF,0xFF,
		0xE0,0x07,0xFF,0xF0,0x00,0x00,0x00,0xFF,
		0xFF,0xFF,0xFF,0xFE,0x03,0xFF,0xF0,0x00,
		0x00,0x00,0x00,0x03,0xFF,0xFF,0xFF,0xFF,
		0xFF,0xFF,0xFF,0xF0,0x00,0x00,0x00,0x00,
		0x00,0x00,0x00,0x03,0xFF,0xFF,0xFF,0xFF,
		0xF8,0x73,0xFF,0xE0,0x00,0x00,0x00,0xFF,
		0xFF,0xFF,0xFF,0xFF,0xFF,0xFF,0xC0,0x00,
		0x00,0x00,0x00,0x01,0xFF,0xFF,0xFF,0xFF,
		0xFF,0xFF,0xFF,0xE0,0x00,0x00,0x00,0x00,
		0x00,0x00,0x00,0x0F,0xFF,0xFF,0xFF,0xFF,
		0xE1,0xFF,0xFF,0xC0,0x00,0x00,0x07,0xFF,
		0xFF,0xFF,0xFF,0xFF,0xFF,0xFF,0x00,0x00,
		0x00,0x00,0x00,0x0F,0xFF,0xFF,0xFF,0xFF,
		0xFF,0xFF,0xFF,0x80,0x00,0x00,0x00,0x00,
		0x00,0x00,0x00,0x3F,0xFF,0xFF,0xFF,0xFF,
		0xC7,0xFF,0xFE,0x00,0x00,0x00,0x1F,0xFF,
		0xFF,0xFF,0xFF,0xFF,0xFF,0xFC,0x00,0x00,
		0x00,0x00,0x00,0x3F,0xFF,0xFF,0xFF,0xFF,
		0xFF,0xFF,0xFF,0x00,0x00,0x00,0x00,0x00,
		0x00,0x00,0x00,0xFF,0xFF,0xFF,0xFF,0xFF,
		0xFF,0xFF,0xF8,0x00,0x00,0x00,0x3F,0xFF,
		0xFF,0xFF,0xFF,0xFF,0xFF,0xE0,0x00,0x00,
		0x00,0x00,0x00,0xFF,0xFF,0xFF,0xFF,0xFF,
		0xFF,0xFF,0xF8,0x00,0x00,0x00,0x00,0x00,
		0x00,0x00,0x03,0xFF,0xFF,0xFF,0xFF,0xFF,
		0xF3,0xFF,0xC0,0x00,0x00,0x01,0xFF,0xFF,
		0xFF,0xFF,0xFF,0xFF,0xFF,0x00,0x00,0x00,
		0x00,0x00,0x03,0xFF,0xFF,0xFF,0xFF,0xFF,
		0xFF,0xFF,0xC0,0x00,0x00,0x00,0x00,0x00,
		0x00,0x00,0x1F,0xFF,0xFF,0xFF,0xFF,0xFF,
		0xFF,0xFF,0x00,0x00,0x00,0x07,0xFF,0xFF,
		0xFF,0xFF,0xFF,0xFF,0xFC,0x00,0x00,0x00,
		0x00,0x00,0x3F,0xFF,0xFF,0xFF,0xFF,0xFF,
		0xFF,0xFF,0x00,0x00,0x00,0x00,0x00,0x00,
		0x00,0x00,0xFF,0xFF,0xFF,0xFF,0xFC,0x7F,
		0xFF,0xD0,0x00,0x00,0x00,0x0F,0xFF,0xFF,
		0xFF,0xFF,0xFF,0xFF,0xF0,0x00,0x00,0x00,
		0x00,0x00,0x7F,0xFF,0xFF,0xFF,0xFF,0xFF,
		0xFF,0xFC,0x00,0x00,0x00,0x00,0x00,0x00,
		0x00,0x01,0xFF,0xFF,0xFF,0xFF,0xFC,0x79,
		0xFF,0xF8,0x00,0x00,0x00,0x1F,0xFF,0xFF,
		0xFF,0xFF,0xFF,0xFF,0xF0,0x00,0x00,
};
static char achPhonemeIH[] =
{

		0xF8,0x03,0xFC,0x01,0xC0,0x00,0x00,0xFC,
		0x00,0xFF,0xC0,0x7F,0xE0,0x03,0xFC,0x00,
		0x1F,0xE0,0x0F,0xFE,0x07,0xFF,0x80,0x3F,
		0x00,0xF8,0x3C,0x07,0xE1,0xFE,0x0F,0xFC,
		0x03,0xFC,0x00,0x3E,0x01,0xC0,0xFF,0xFC,
		0x1F,0xF0,0x0F,0xF0,0x06,0x00,0x00,0x00,
		0x3F,0x00,0xFF,0x80,0xFF,0xE0,0x0F,0x81,
		0xC0,0x0F,0xE0,0x1F,0xF8,0x07,0xFE,0x00,
		0xFC,0x03,0xE0,0x60,0x3F,0x87,0xF0,0x7F,
		0xE0,0x0F,0xF0,0x01,0xF0,0x0F,0x01,0xFF,
		0xE0,0x7F,0xC0,0x3F,0xC0,0x18,0x00,0x00,
		0x01,0xF8,0x03,0xFE,0x03,0xFF,0x00,0x3F,
		0x80,0x00,0x7F,0x80,0xFF,0xF0,0x3F,0xFC,
		0x00,0xFC,0x07,0xC1,0xE0,0x7F,0x0F,0xF0,
		0xFF,0xE0,0x1F,0xE0,0x01,0xF0,0x0F,0x03,
		0xFF,0xE0,0xFF,0x80,0x3F,0xC0,0x00,0x00,
		0x00,0x1F,0xE0,0x0F,0xFC,0x07,0xFF,0x00,
		0x3F,0xE0,0x00,0xFE,0x00,0xFF,0xC0,0x7F,
		0xF8,0x01,0xF0,0x0F,0x83,0xC0,0xFE,0x1F,
		0xC0,0xFF,0xC0,0x3F,0xC0,0x03,0xE0,0x3C,
		0x0F,0xFF,0x81,0xFF,0x00,0x7F,0x00,0x00,
		0x00,0x00,0x3F,0x80,0x1F,0xF0,0x0F,0xFC,
		0x00,0x7F,0xE0,0x03,0xFE,0x03,0xFF,0x81,
		0xFF,0x80,0x1F,0x80,0xFC,0x0C,0x07,0xE0,
		0xFE,0x0F,0xFC,0x03,0xFC,0x00,0x7E,0x01,
		0xE0,0x7F,0xFC,0x1F,0xF0,0x07,0xF0,0x06,
		0x00,0x00,0x01,0xFC,0x01,0xFF,0x00,0xFF,
		0x00,0x0E,0x7F,0x00,0x1F,0xC0,0x3F,0xF8,
		0x0F,0xF8,0x01,0xF8,0x07,0xC0,0xC0,0x7F,
		0x0F,0xE0,0xFF,0xC0,0x3F,0x80,0x03,0xE0,
		0x3E,0x07,0xFF,0xC1,0xFF,0x00,0xFF,0x00,
		0xE0,0x00,0x00,0x0F,0xC0,0x1F,0xF8,0x0F,
		0xF8,0x00,0xFE,0x00,0x01,0xFC,0x01,0xFF,
		0x80,0x7F,0xE0,0x03,0xF0,0x0F,0x87,0x80,
		0xFE,0x3F,0xC1,0xFF,0x80,0x7F,0x80,0x07,
		0xC0,0x78,0x1F,0xFF,0x83,0xFE,0x00,0xFF,
		0x00,0x80,0x80,0x00,0x0F,0xC0,0x1F,0xF0,
		0x0F,0xF8,0x01,0xF1,0xFC,0x03,0xFE,0x01,
		0xFF,0x80,0xFF,0xC0,0x07,0xC0,0x3E,0x07,
		0x01,0xF8,0x7F,0x03,0xFF,0x00,0xFF,0x00,
		0x1F,0x00,0xF0,0x3F,0xFF,0x07,0xF8,0x03,
		0xFC,0x03,0x80,0x00,0x00,0x1F,0x80,0x3F,
		0xE0,0x3F,0xF0,0x03,0xC1,0xF8,0x07,0xFC,
		0x03,0xFE,0x03,0xFF,0xC0,0x1F,0x80,0xF8,
		0x1C,0x07,0xE1,0xFE,0x0F,0xFC,0x03,0xF8,
		0x00,0x7E,0x03,0xC0,0xFF,0xF8,0x1F,0xF0,
		0x07,0xF0,0x0C,0x00,0x00,0x00,0x7F,0x00,
		0xFF,0xC0,0x7F,0xE0,0x1F,0xC7,0xE0,0x0F,
		0xF0,0x1F,0xFE,0x07,0xFC,0x00,0xFC,0x07,
		0xC0,0xC0,0x7F,0x0F,0xF0,0x7F,0xE0,0x1F,
		0xC0,0x03,0xF0,0x1F,0x07,0xFF,0xC0,0xFF,
		0x00,0x7F,0x00,0xF0,0x00,0x00,0x01,0xF8,
		0x03,0xFC,0x07,0xFE,0x03,0xF8,0x1F,0x80,
		0xFF,0x00,0x7F,0xE0,0x7F,0xC0,0x03,0xF0,
		0x1F,0x03,0x80,0xFE,0x3F,0x81,0xFF,0x80,
		0x7F,0x00,0x07,0xC0,0x7C,0x0F,0xFF,0x03,
		0xFC,0x00,0xFF,0x00,0xC0,0x00,0x00,0x03,
		0xF0,0x0F,0xF8,0x0F,0xFC,0x03,0xF0,0x7F,
		0x01,0xFF,0x00,0xFF,0xC0,0xFF,0xCC,0x01,
		0xF8,0x0F,0x83,0xC0,0xFF,0x1F,0xC1,0xFF,
		0xC0,0x3F,0x80,0x03,0xE0,0x3C,0x0F,0xFF,
		0x83,0xFE,0x00,0x7F,0x00,0x80,0x00,0x00,
		0x07,0xF0,0x0F,0xFC,0x0F,0xFE,0x01,0xF8,
		0x7E,0x01,0xFF,0x01,0xFF,0xC0,0xFF,0xE0,
		0x01,0xF8,0x0F,0x81,0xC0,0xFF,0x1F,0xC0,
		0xFF,0xC0,0x3F,0x80,0x03,0xE0,0x1E,0x07,
		0xFF,0x81,0xFF,0x00,0xFF,0x00,0x60,0x00,
		0x00,0x03,0xF8,0x07,0xFC,0x07,0xFF,0x01,
		0xF8,0x3F,0x00,0xFF,0x00,0xFF,0xC0,0x3F,
		0xF8,0x00,0xFC,0x07,0xC1,0xE0,0x7F,0x0F,
		0xE0,0xFF,0xE0,0x1F,0xC0,0x01,0xF0,0x0E,
		0x03,0xFF,0xC0,0xFF,0x00,0x3F,0x80,
};
static char achPhonemeEE[] =
{
		0x00,0x03,0xF0,0x1F,0x80,0x3F,0xE0,0x0F,
		0xE0,0x1F,0xF0,0x7F,0xFF,0x01,0xFE,0x00,
		0x07,0xE0,0x0F,0xE0,0x0F,0xF0,0x07,0xFC,
		0x07,0xF8,0x01,0xFF,0x00,0xFE,0x00,0x7F,
		0x00,0x1F,0xC0,0x7F,0xC0,0x3F,0xF8,0x0F,
		0xFE,0x0C,0x03,0xF0,0x1F,0x80,0x3F,0xC0,
		0x0F,0xE0,0x0F,0xF0,0x3F,0xFF,0x01,0xFE,
		0x00,0x07,0xE0,0x0F,0xE0,0x0F,0xF0,0x03,
		0xFC,0x07,0xF8,0x01,0xFF,0x00,0x7F,0x00,
		0x3F,0x80,0x0F,0xE0,0x3F,0xE0,0x0F,0xF8,
		0x07,0xFC,0x0F,0xC0,0x7E,0x03,0xF0,0x07,
		0xFC,0x01,0xFE,0x03,0xFE,0x0F,0xFF,0xF0,
		0x3F,0x80,0x00,0xFC,0x00,0xFC,0x01,0xFE,
		0x00,0x7F,0x00,0xFF,0x00,0x7F,0xC0,0x07,
		0xE0,0x03,0xF8,0x01,0xFC,0x03,0xFE,0x03,
		0xFF,0x80,0xFF,0x03,0xF8,0x0F,0xC0,0x7E,
		0x00,0xFF,0x00,0x7F,0x80,0x7F,0x81,0xFF,
		0xFE,0x07,0xF0,0x00,0x1F,0x80,0x3F,0x80,
		0x7F,0x80,0x1F,0xE0,0x1F,0xE0,0x1F,0xE3,
		0x00,0xFC,0x00,0x7E,0x00,0x7F,0x80,0x7F,
		0x80,0x7F,0xE0,0x3F,0xE0,0x7E,0x01,0xF8,
		0x1F,0xC0,0x3F,0xE0,0x0F,0xF0,0x0F,0xF0,
		0x3F,0xFF,0x81,0xFE,0x00,0x03,0xF0,0x07,
		0xE0,0x0F,0xF0,0x03,0xFC,0x07,0xFC,0x01,
		0xFF,0x00,0x3F,0x00,0x0F,0xC0,0x0F,0xF0,
		0x0F,0xF0,0x1F,0xFC,0x07,0xFC,0x07,0xC0,
		0x7E,0x03,0xF0,0x07,0xF8,0x01,0xFC,0x03,
		0xFC,0x0F,0xFF,0xE0,0x7F,0x80,0x00,0xFC,
		0x01,0xFC,0x01,0xFC,0x00,0xFF,0x01,0xFF,
		0x00,0x7F,0x80,0x0F,0xC0,0x07,0xF0,0x03,
		0xFC,0x03,0xFC,0x03,0xFF,0x01,0xFF,0x80,
		0x00,0x7E,0x03,0xF0,0x07,0xFC,0x01,0xFE,
		0x01,0xFE,0x07,0xFF,0xE0,0x3F,0xC0,0x00,
		0xFC,0x01,0xFC,0x01,0xFE,0x00,0xFF,0x80,
		0xFF,0x80,0x7F,0xE0,0x07,0xE0,0x03,0xF0,
		0x01,0xFC,0x03,0xFE,0x01,0xFF,0x01,0xFF,
		0x81,0xF0,0x1F,0x00,0xFC,0x01,0xFE,0x00,
		0xFF,0x00,0xFF,0x03,0xFF,0xF8,0x0F,0xE0,
		0x00,0x3F,0x00,0x7F,0x00,0xFF,0x00,0x3F,
		0xC0,0x7F,0xC0,0x1F,0xE0,0x03,0xF0,0x01,
		0xFC,0x00,0xFF,0x00,0xFF,0x80,0xFF,0xC0,
		0x7F,0xE0,0x00,0x3F,0x00,0xFC,0x01,0xFF,
		0x00,0x7F,0x00,0xFF,0x01,0xFF,0xF8,0x0F,
		0xE0,0x00,0x3F,0x00,0x7F,0x00,0xFF,0x80,
		0x3F,0xC0,0x3F,0xE0,0x0F,0xF0,0x03,0xF0,
		0x01,0xFC,0x00,0xFE,0x01,0xFF,0x80,0x7F,
		0xC0,0xFF,0xE0,0x38,0x0F,0xC0,0x7F,0x00,
		0xFF,0x00,0x3F,0x80,0x7F,0x80,0xFF,0xFE,
		0x07,0xF8,0x00,0x0F,0x80,0x3F,0x80,0x3F,
		0xC0,0x0F,0xF0,0x1F,0xF0,0x0F,0xF0,0x01,
		0xF8,0x00,0x7E,0x00,0x3F,0x80,0x7F,0xE0,
		0x3F,0xF0,0x3F,0xF8,0x38,0x07,0xE0,0x3F,
		0x00,0x7F,0x80,0x1F,0xC0,0x1F,0xE0,0x7F,
		0xFF,0x03,0xFC,0x00,0x07,0xC0,0x1F,0xC0,
		0x1F,0xE0,0x07,0xF8,0x0F,0xF8,0x03,0xFC,
		0x00,0xFC,0x00,0x3E,0x00,0x1F,0xC0,0x3F,
		0xE0,0x7F,0xF0,0x1F,0xF8,0x07,0x03,0xF0,
		0x1F,0x80,0x3F,0xC0,0x0F,0xE0,0x1F,0xE0,
		0x7F,0xFF,0x81,0xFE,0x00,0x07,0xE0,0x0F,
		0xE0,0x1F,0xF0,0x03,0xFC,0x07,0xF8,0x03,
		0xFC,0x00,0x7E,0x00,0x1F,0x00,0x0F,0xE0,
		0x1F,0xF0,0x0F,0xF8,0x0F,0xFE,0x0F,0x01,
		0xF0,0x0F,0xC0,0x1F,0xE0,0x07,0xF0,0x0F,
		0xF0,0x3F,0xFF,0x80,0xFE,0x00,0x03,0xF0,
		0x03,0xF0,0x0F,0xF8,0x03,0xFE,0x03,0xFE,
		0x00,0xFC,0x00,0x3F,0x00,0x02,0x90,0x03,
		0xF8,0x0F,0xFE,0x0F,0xFC,0x03,0xFF,0x00,
		0x03,0xF0,0x1F,0x80,0x3F,0xE0,0x0F,0xF0,
		0x0F,0xF0,0x3F,0xFF,0x80,0xFF,0x00,0x07,
		0xE0,0x07,0xE0,0x0F,0xF0,0x03,0xFC,0x07,
		0xFC,0x01,0xFC,0x00,0x7E,0x00,0x1F,0x00,
		0x0F,0xE0,0x1F,0xF8,0x1F,0xFC,0x0F,
};
static char achPhonemeWH[] =
{
		0x00,0x00,0x00,0x00,0x00,0x00,0x00,0x00,
		0x00,0x07,0xFF,0xFF,0xFF,0xC0,0x3F,0xFF,
		0xFF,0xFF,0xFF,0x00,0x00,0x00,0x00,0x00,
		0x00,0x07,0xFF,0xFF,0xFF,0xFF,0xFF,0xFF,
		0xCC,0x00,0x00,0x00,0x00,0x00,0x00,0x00,
		0x00,0x07,0xFF,0xFF,0xF8,0x00,0x00,0x07,
		0xC0,0x00,0x00,0x00,0x07,0xE3,0x8F,0xFF,
		0xE0,0x01,0xFF,0xFF,0xFF,0xFF,0xFF,0x1E,
		0x00,0x00,0x00,0x01,0xFF,0xFF,0xC0,0x00,
		0x00,0x00,0x00,0x1F,0xFF,0xFF,0xFF,0xFF,
		0xFF,0xFF,0xFF,0x80,0x00,0x00,0x00,0x00,
		0x00,0x00,0x00,0x00,0x01,0xFF,0xFF,0xFF,
		0xFF,0x00,0x00,0x00,0x00,0x00,0x00,0x00,
		0x00,0x00,0xFF,0xFF,0xFF,0xFF,0xFE,0x84,
		0x00,0x00,0x00,0x00,0x00,0x00,0x00,0x07,
		0xFF,0xFF,0xFF,0xFF,0x80,0x00,0x00,0x00,
		0x07,0xFF,0xFF,0xFF,0xFF,0xB1,0xE3,0xFF,
		0xFF,0xFF,0xFF,0xC6,0x90,0x00,0x00,0x00,
		0x00,0x00,0x01,0xFF,0xFF,0xFF,0xFF,0x80,
		0x00,0x00,0x00,0x01,0xFF,0xFF,0xFF,0xE7,
		0x00,0x01,0xE7,0xFF,0xFE,0xBF,0x39,0xFF,
		0xF7,0xE0,0x00,0x00,0x00,0x00,0x1F,0xFF,
		0xFF,0xFF,0xF0,0x00,0x00,0x00,0x00,0xFF,
		0xFF,0xFF,0xF0,0x00,0x00,0x00,0x1E,0x8F,
		0x81,0xFF,0xFF,0xFF,0xFF,0xF8,0x00,0x00,
		0x00,0x00,0x7F,0xFF,0xFF,0xFF,0x80,0x00,
		0x00,0x00,0x3F,0xFF,0xFF,0xFF,0xF0,0x00,
		0x00,0x00,0x00,0x00,0x01,0xFF,0xFF,0xFF,
		0xFF,0xC0,0x00,0x00,0x00,0x00,0x00,0xFF,
		0xFF,0xFF,0xFF,0xC0,0x00,0x00,0x00,0x07,
		0xFF,0xFF,0xFF,0xFC,0x00,0x00,0x00,0x00,
		0x00,0x03,0xFF,0xFF,0xFF,0xE0,0x00,0x00,
		0x0F,0xFF,0xE0,0x00,0x00,0x00,0xFF,0xFF,
		0xFF,0xFC,0x00,0x00,0x00,0x3F,0xFF,0xFF,
		0xF8,0x00,0x00,0x03,0xFF,0xF8,0x00,0x00,
		0x03,0xFF,0xFF,0xFF,0xC0,0x00,0x00,0x3F,
		0xFF,0xFF,0xC0,0x00,0x00,0x03,0xFF,0xFF,
		0xFF,0x00,0x00,0x00,0x03,0xFF,0xFF,0xE0,
		0x00,0x00,0x3F,0xFF,0xE0,0x00,0x00,0x00,
		0x7F,0xFF,0xFF,0x80,0x00,0x00,0x07,0xFF,
		0xFF,0xFE,0xE0,0x00,0x00,0x00,0x18,0x07,
		0xFF,0xFF,0xFF,0xF0,0x00,0x00,0x00,0x7F,
		0xFF,0xFF,0xFC,0x60,0x00,0x00,0x00,0x00,
		0x07,0xFF,0xFF,0xFF,0xF0,0x00,0x00,0x03,
		0xFF,0xFF,0xFD,0xE0,0xEF,0xFF,0xFF,0x00,
		0x00,0x00,0x03,0xFF,0xFF,0xFF,0x00,0x00,
		0x00,0x0F,0xFF,0xFF,0xE0,0x30,0x07,0x83,
		0xF0,0x00,0x00,0x01,0xFF,0xFF,0xF8,0x00,
		0x00,0x00,0xFF,0xFF,0xFF,0x00,0x00,0x03,
		0xFF,0xFF,0xFF,0x80,0x00,0x00,0x00,0x1E,
		0x0F,0xFF,0xFF,0xFC,0x00,0x00,0x00,0x1F,
		0xFF,0xFF,0xE1,0xF0,0x04,0x00,0x00,0x00,
		0x0F,0xFF,0xFF,0xFE,0x00,0x00,0x00,0x27,
		0xFF,0xFF,0xF8,0x00,0x00,0x07,0xD9,0xFF,
		0x60,0x08,0x00,0x00,0x01,0xE7,0xFF,0xFF,
		0xC0,0x30,0x07,0x80,0xFF,0xFF,0xF0,0x00,
		0x00,0x07,0xCF,0xFF,0xC1,0xF0,0x3F,0x83,
		0xE0,0x00,0x00,0x07,0xFF,0xFF,0x80,0x00,
		0x00,0x01,0xFF,0xFF,0x80,0x00,0x23,0x07,
		0xC0,0x00,0x00,0x7F,0xFF,0xE0,0x00,0x00,
		0x00,0xFF,0xFF,0xE0,0x00,0x00,0x03,0xFF,
		0xF7,0x80,0x00,0x00,0x31,0x40,0x00,0x00,
		0x07,0xFF,0xEF,0x80,0x00,0x00,0x07,0xFF,
		0xFF,0xDC,0x00,0x00,0x00,0x10,0x00,0x00,
		0x39,0xFF,0xE0,0x00,0x00,0x00,0x38,0x77,
		0xC0,0x00,0x00,0x00,0x73,0xE6,0x08,0x00,
		0x08,0x22,0x00,0x00,0x08,0x33,0xFF,0x00,
		0x00,0x00,0x03,0xFF,0xFF,0xC0,0x00,0x00,
		0x01,0x78,0x00,0x00,0x07,0xFF,0xF8,0x00,
		0x00,0x03,0xFF,0xFC,0x00,0x00,0x00,0x9E,
		0xFE,0x18,0x00,0x00,0x00,0x60,0x00,0x00,
		0x04,0x10,0x44,0x00,0x00,0x00,0x02,
};
static char achPhonemeCH[] =
{
		0x0F,0xC0,0x3F,0x07,0xC3,0x9F,0x07,0xE0,
		0x07,0x80,0x7E,0x1F,0x78,0x7E,0x00,0xF8,
		0x1F,0xC3,0xF8,0x7F,0x0E,0x3F,0x07,0x0F,
		0x03,0xF0,0x00,0xF0,0xE3,0x83,0xE0,0x78,
		0xF0,0xF8,0x03,0xC0,0xF8,0xE1,0xFF,0x07,
		0x87,0x87,0xC3,0xC3,0x0F,0xE0,0xF1,0xC0,
		0xFE,0x60,0x0F,0x80,0xF8,0xF8,0x7C,0x78,
		0x7C,0x70,0xF8,0x77,0xF0,0xC7,0xE0,0x7C,
		0x7C,0x00,0xF8,0x83,0xF0,0x3F,0xF0,0xC3,
		0x86,0x38,0x7E,0x1F,0x1E,0x7C,0x07,0x8E,
		0x0F,0xE0,0xFC,0x0F,0x0F,0x81,0xC7,0xC3,
		0xF1,0xC3,0xC7,0xE1,0x8F,0x03,0xCE,0x07,
		0xCE,0x3C,0x78,0x3E,0x3C,0x71,0xC7,0x1E,
		0x38,0x7F,0x0F,0x3C,0x03,0xE0,0xF8,0x1E,
		0x70,0x3E,0x1E,0x0F,0xC3,0xC3,0x83,0xC1,
		0xCF,0x0F,0xC0,0xFB,0x0C,0x78,0x1F,0x08,
		0xEF,0x83,0xC0,0xFF,0x07,0xC0,0xF0,0xF8,
		0x3E,0x3C,0x3F,0x03,0xE0,0xF0,0xF8,0x78,
		0xF3,0x87,0xE1,0x8F,0x38,0x7E,0x3F,0xC3,
		0x98,0x78,0x78,0x1E,0x0F,0x00,0x78,0x60,
		0x7C,0x31,0xCC,0x3F,0x9E,0x07,0xC6,0x03,
		0xE0,0xFF,0x03,0xFC,0x70,0xF8,0x78,0xFC,
		0x1F,0xE3,0x00,0xFC,0x3F,0x00,0x78,0x83,
		0xF0,0x3F,0xE1,0x07,0x8E,0x38,0xFF,0x03,
		0xE0,0x07,0xC3,0x80,0x1F,0x87,0xF8,0xF8,
		0x70,0xE0,0x3E,0x1E,0x1C,0x78,0x7C,0x0F,
		0x83,0x3F,0x81,0xF0,0x7C,0x03,0xF0,0xFC,
		0x78,0x78,0x1E,0x31,0xF0,0xF1,0xE0,0xF8,
		0x3F,0xE0,0x3C,0x1F,0x0F,0x1F,0x0F,0x80,
		0xC7,0x80,0xFC,0x1E,0x1F,0x86,0x0F,0x87,
		0xC3,0x81,0xE1,0x87,0xF8,0x78,0x31,0xE0,
		0x3C,0xF0,0x7C,0x0E,0x03,0xFC,0x1F,0x87,
		0xE1,0xC7,0x30,0xF3,0x1F,0xE3,0xC7,0x8F,
		0x00,0xF8,0x07,0xCE,0x3C,0x7F,0x1C,0xF1,
		0xE0,0xFE,0x3C,0x3C,0x43,0xC1,0xE0,0xF0,
		0xE3,0x0F,0xC0,0xFE,0x30,0xE3,0x81,0xC3,
		0xC1,0xE0,0x3C,0x78,0x78,0x8E,0x1C,0x38,
		0xFE,0x1C,0x7C,0x78,0x78,0x7C,0x03,0xFF,
		0x1F,0x07,0x80,0x3B,0xE0,0xC7,0xF0,0x07,
		0xCE,0x03,0xC3,0x0F,0x80,0x0F,0xC0,0x70,
		0x8E,0x1F,0xC1,0x9F,0x00,0x3C,0xE0,0x1F,
		0xF0,0xFF,0x03,0xF8,0xE1,0x9E,0x01,0xF0,
		0x83,0xC7,0x01,0xEF,0x07,0x3E,0x1C,0x1F,
		0xC2,0x1F,0xC3,0x39,0xEF,0x1C,0xF0,0x1F,
		0x83,0x00,0xF0,0x5F,0x0E,0x01,0xC3,0xC0,
		0x3F,0x98,0x3F,0x83,0x1F,0x00,0x39,0xE0,
		0x0F,0x1E,0x1F,0x8E,0x1C,0x67,0x80,0xC7,
		0x06,0xF0,0xF0,0xC3,0x98,0x70,0xE1,0xC2,
		0x1C,0x71,0xC1,0x8F,0x01,0xF0,0xF3,0xF0,
		0x7E,0xF0,0xF8,0x1F,0xC3,0x83,0xF0,0x18,
		0xF8,0x3F,0x03,0x8F,0x07,0xE0,0xE1,0xE2,
		0x01,0xF1,0xC1,0xF3,0x00,0x7E,0x00,0xF8,
		0x01,0xF1,0x81,0xFF,0x03,0x07,0x8F,0x80,
		0xE1,0xE3,0xE1,0x83,0xF8,0x01,0xF7,0x81,
		0xF1,0x83,0xFF,0x0F,0x0E,0x1E,0x38,0x1F,
		0x9C,0x03,0x8F,0x80,0x7C,0xFC,0xC0,0x7E,
		0x0F,0x1C,0x1E,0x3F,0x00,0x30,0x1F,0x80,
		0xF0,0x01,0xF0,0x3C,0x78,0x20,0x07,0xE3,
		0x83,0x0F,0x1E,0x00,0xCE,0x60,0x3E,0x3E,
		0x07,0xC0,0x03,0xC0,0xFC,0x70,0x01,0xFC,
		0x00,0x7C,0x00,0x0F,0x07,0x0F,0x00,0x00,
		0xF1,0x81,0xE0,0x1C,0xE1,0x00,0x73,0xE0,
		0x01,0xF0,0x71,0xE0,0x3D,0xF0,0x61,0xFC,
		0x00,0x3F,0xE0,0x00,0x78,0xF8,0xF0,0x3F,
		0xC0,0x0E,0x60,0x0F,0x80,0x00,0x70,0x00,
		0x00,0x78,0xE0,0x38,0xF0,0xFF,0x06,0x1F,
		0x01,0x0F,0x07,0x18,0x73,0x0C,0x38,0x3E,
		0x0F,0x01,0xFC,0x00,0x3F,0x00,0x00,0x00,
		0x0C,0x00,0x03,0x80,0xE0,0xE0,0x1E,0x70,
		0x00,0x20,0xC2,0x00,0xFF,0xC0,0x03,0xFE,
		0x10,0x04,0xC3,0x80,0x00,0xFF,0x00,0x0F,
		0x19,0x00,0x0F,0xC0,0x03,0xF0,0x00,
};
static char achPhonemeSH[] =
{
		0x07,0x81,0xE0,0x0E,0x0F,0x02,0x1E,0x3C,
		0x1F,0xF0,0xC1,0xF0,0x71,0xFE,0x07,0xC0,
		0xF8,0x1E,0x1F,0x00,0x1F,0x83,0xDF,0x07,
		0x87,0x00,0xCF,0x0F,0x1C,0x3E,0x07,0x03,
		0xC4,0x3E,0x1E,0x3C,0x3F,0x03,0xE0,0x0F,
		0xE0,0xF8,0x7C,0x1F,0x03,0xF0,0x3F,0x07,
		0xFC,0x0F,0xFE,0x07,0xF0,0x7C,0x00,0x7C,
		0x1F,0xC1,0xF0,0xF8,0x1F,0x83,0xC1,0xC3,
		0xC0,0xCF,0xE0,0xC3,0xE0,0xFE,0x0E,0x3C,
		0x03,0xC7,0x80,0xF0,0x03,0xC3,0x80,0x3E,
		0x08,0x7E,0x0F,0xC1,0xC0,0xFE,0x0F,0xF0,
		0x3C,0x78,0x1F,0x83,0xFF,0x03,0xFE,0x01,
		0xF7,0x03,0xF0,0xE3,0xF0,0x01,0xF0,0x7F,
		0x00,0xFE,0x00,0xFE,0x01,0xFE,0x18,0x3C,
		0x70,0xFC,0x0E,0x7C,0x3F,0x38,0x3C,0x7C,
		0x03,0xF0,0x01,0xF0,0x03,0xF0,0x07,0xF0,
		0x3F,0xF0,0x3E,0xE0,0x0F,0x80,0xFF,0x80,
		0xFE,0x07,0x3C,0x3C,0x3E,0x03,0xE1,0xCE,
		0x1F,0x03,0xE0,0xCF,0x38,0x3F,0x83,0x8F,
		0x83,0x0F,0x80,0x7E,0x10,0xF0,0xF0,0x71,
		0xC3,0xE0,0x3E,0x1C,0x07,0x87,0x80,0x1E,
		0x1E,0x38,0xE0,0xE1,0xE0,0xCF,0x0F,0xC1,
		0xFF,0x07,0x81,0xF8,0x3F,0x07,0x07,0xFE,
		0x0F,0xCE,0x0F,0x07,0x30,0xE1,0xE0,0xE1,
		0xE1,0x1F,0x07,0x07,0x83,0xFC,0x3C,0x3C,
		0x38,0x7C,0x1F,0x83,0xC0,0x00,0xF8,0x1F,
		0x07,0x07,0x87,0x1E,0x07,0xC0,0x1E,0x1F,
		0x01,0xFF,0x80,0xC1,0xE0,0xFE,0x03,0x3E,
		0x60,0x7F,0x00,0xE1,0xF0,0x7E,0x0F,0x1F,
		0x07,0x9E,0x00,0xFF,0x0E,0x1F,0x00,0xF8,
		0x3C,0x3F,0x03,0xF0,0x1F,0xC3,0x83,0xF8,
		0x0F,0xC0,0x0F,0xE0,0x1F,0x8F,0x0F,0x80,
		0x70,0xE0,0xF8,0x10,0xF8,0x11,0xF8,0x0F,
		0xC0,0x1E,0x3C,0x0F,0x0F,0x0F,0x81,0xF8,
		0xC0,0xFF,0x80,0x3E,0x1E,0x01,0xF8,0x11,
		0xF0,0x1F,0x03,0xC7,0x0E,0x0F,0xF0,0x7C,
		0x40,0xFE,0x0F,0x0F,0x07,0x1F,0x0F,0xC1,
		0xE0,0xF1,0xC0,0xFC,0x07,0xC6,0x0C,0x7C,
		0x30,0xFC,0x03,0xF0,0x78,0x7C,0x1C,0x7C,
		0x1F,0x00,0x78,0xF8,0x1F,0xF8,0x61,0xE1,
		0xC0,0x7E,0x07,0xC0,0x03,0xF0,0x31,0xF8,
		0x3F,0x80,0xFF,0x87,0x87,0xE0,0x7C,0x3C,
		0x0F,0xC0,0xFC,0x07,0x8F,0x03,0xF0,0x03,
		0xFC,0x0F,0x83,0x83,0xE1,0xE1,0xF8,0x3F,
		0x1C,0x01,0xF0,0x7E,0x07,0x0F,0xC0,0x7F,
		0x01,0xF8,0x01,0xF0,0x78,0xF0,0x41,0xF0,
		0x70,0xF0,0x3C,0x78,0x38,0xE3,0x07,0x1E,
		0x1C,0x1F,0x01,0xE1,0x83,0xF0,0xC3,0xE0,
		0x7F,0xE0,0xF8,0xF8,0x07,0xE0,0xF0,0xE1,
		0xC3,0xC1,0xF3,0xC0,0xF8,0x3F,0x0F,0x07,
		0x83,0xC3,0xC0,0xFF,0x03,0xE0,0x07,0xE0,
		0x7F,0x00,0x3C,0x78,0x78,0x3D,0xE0,0xF0,
		0xF8,0x0F,0xF0,0x07,0xE0,0x78,0x7C,0x1F,
		0x80,0x1F,0x07,0x0F,0x80,0x7F,0x81,0xE1,
		0xE0,0x0F,0xC1,0x07,0xC0,0xFF,0x00,0xF8,
		0x3C,0x03,0xE0,0xF8,0x7C,0x03,0x8F,0x07,
		0x83,0xF0,0xFF,0x0C,0x70,0x3F,0x0F,0x0F,
		0x80,0x78,0xE1,0xC0,0xF0,0x70,0xFC,0x1C,
		0x1F,0x1E,0x38,0xF8,0x78,0x7C,0x3C,0x1E,
		0x70,0xE1,0xF0,0xF3,0x83,0x8E,0x38,0x60,
		0xF0,0x79,0xE0,0xFC,0x1E,0x3C,0x61,0xF0,
		0x73,0xC0,0x1E,0x3C,0x1F,0x01,0xF0,0xF1,
		0xC3,0xC1,0xF0,0x00,0x7F,0xC1,0xFF,0x80,
		0x3C,0x3C,0x7F,0x03,0xE0,0xF8,0x78,0x3F,
		0x81,0xE0,0xF0,0x7F,0xC0,0xFE,0x00,0xF0,
		0xE0,0x07,0x81,0xFC,0x03,0xE0,0xF0,0x7C,
		0x0E,0x3C,0x3E,0x07,0xC0,0x73,0xC3,0xFC,
		0x0F,0xF8,0x78,0x7C,0x1F,0x80,0xF8,0x07,
		0x0F,0x83,0xF0,0x78,0x0F,0xE0,0xFC,0x03,
		0x8F,0x07,0x87,0xC0,0xF8,0xE0,0x1F,0x07,
		0xF0,0xF8,0x7E,0x38,0x3F,0x00,0x3F,0x81,
		0x9F,0x81,0xFE,0x00,0xFC,0x03,0xF0,
};
static char achPhonemeTZ[] =
{
		0xFE,0xEF,0x79,0xCF,0x73,0x9C,0xF0,0x00,
		0x00,0x00,0x00,0x00,0x00,0x00,0x00,0x00,
		0x38,0xE1,0xFF,0x9E,0xFF,0xBF,0xFF,0xFB,
		0xFF,0xFF,0xFF,0x1C,0xF3,0x80,0x0E,0x30,
		0x8E,0x40,0x64,0x20,0x87,0x19,0xFF,0xF8,
		0xFF,0x7C,0xEF,0x9E,0xF3,0x9F,0xFF,0x3C,
		0xE3,0x00,0x00,0x00,0x00,0x00,0x00,0x00,
		0x00,0x00,0x0F,0x0C,0x7D,0xF7,0xEF,0xF7,
		0xFF,0xDF,0xEF,0xF7,0xFF,0xC7,0xFC,0xC0,
		0x1E,0x00,0x3E,0x18,0x80,0x20,0x03,0x84,
		0xE7,0x3F,0xBE,0xE7,0xFF,0xE3,0x7F,0x9C,
		0xFF,0x39,0xEE,0x00,0x00,0x00,0x00,0x00,
		0x00,0x00,0x01,0x00,0x01,0x80,0x3F,0xFF,
		0xFF,0xF3,0xFF,0xDD,0xFF,0xBD,0xFF,0xE7,
		0x3F,0xE0,0x03,0x06,0x1C,0xC4,0x61,0x00,
		0x18,0xC8,0x77,0xF3,0x1E,0xF1,0xFC,0xE7,
		0x73,0xFC,0xFE,0xE3,0x9E,0x00,0x00,0x00,
		0x00,0x00,0x00,0x00,0x00,0x80,0x02,0x3E,
		0x1F,0xFF,0xFF,0xFE,0xF3,0xFF,0xFF,0xF7,
		0x3F,0xF9,0xE7,0xF8,0x80,0x82,0x03,0x73,
		0x00,0x00,0x08,0xFC,0x61,0xFF,0x9E,0xFC,
		0xE7,0xB8,0xEF,0xFE,0xF3,0xCF,0xCF,0xE0,
		0x00,0x00,0x00,0x00,0x00,0x00,0x00,0x00,
		0x00,0x0F,0xC7,0xFF,0x3F,0xFF,0xFF,0xFF,
		0xCF,0x7F,0xDF,0x9C,0xE7,0xFC,0x00,0x70,
		0x83,0xE3,0x10,0x86,0x00,0x7E,0x38,0xFC,
		0x7E,0xF3,0x9F,0xCF,0x1F,0xBF,0x1F,0xFE,
		0xFF,0x78,0x00,0x00,0x00,0x00,0x00,0x00,
		0x00,0x00,0x00,0x46,0x78,0xFF,0xF3,0xDF,
		0x8F,0xFF,0xF7,0xFF,0xBF,0xEF,0x73,0xCF,
		0x20,0x06,0x00,0x7C,0x20,0x31,0x80,0xC7,
		0x30,0xC7,0xEE,0xE7,0x3C,0xFF,0xF1,0xFE,
		0xF3,0xFC,0xFE,0xFC,0xC0,0x00,0x00,0x00,
		0x00,0x00,0x00,0x00,0x20,0x00,0xC1,0x8F,
		0xFF,0x7F,0xFF,0x9C,0xFF,0xBF,0xFF,0xFF,
		0xF9,0x99,0xE0,0xC0,0x61,0x80,0xEE,0x02,
		0x38,0x30,0x7E,0x33,0xDC,0xC7,0xFF,0x3F,
		0x9C,0xE7,0x7F,0x33,0xC3,0x8F,0xE6,0x00,
		0x00,0x00,0x00,0x00,0x00,0x00,0x01,0x00,
		0x07,0x07,0x1F,0xBF,0xFF,0xFD,0xF7,0xDE,
		0xFF,0xFF,0xFF,0x79,0xFC,0xE0,0x01,0x81,
		0x07,0x00,0x04,0x00,0x61,0xF3,0x79,0x8F,
		0x9C,0xF0,0xFD,0xF6,0xDC,0xE6,0xE7,0x1F,
		0x7E,0xFC,0x00,0x00,0x00,0x00,0x00,0x00,
		0x00,0x00,0x01,0x01,0xEC,0xFF,0xFB,0xFF,
		0xCF,0xFF,0x9C,0xE7,0xF9,0xFF,0xFC,0xC1,
		0x80,0x03,0x00,0x1F,0x00,0x00,0xC2,0x03,
		0xE3,0x1F,0xF1,0xFF,0xFC,0xF3,0x8E,0x7F,
		0x73,0xB9,0xCF,0x3E,0xE0,0x00,0x00,0x00,
		0x00,0x00,0x00,0x00,0x00,0x10,0x70,0xED,
		0xFF,0xFF,0xFF,0xFF,0xFF,0xFC,0xEF,0xFF,
		0xE3,0x8F,0x8C,0x80,0x0E,0x30,0xF9,0xC0,
		0x00,0x00,0x0F,0x63,0x0F,0x38,0xDF,0x1C,
		0xFF,0xF7,0x3F,0xCF,0x7E,0xF3,0x7E,0x00,
		0x00,0x00,0x00,0x00,0x00,0x00,0x01,0xC0,
		0x03,0xE0,0x1E,0xF3,0xFF,0xFF,0xFF,0xF8,
		0xFE,0xF3,0x9C,0xEC,0x7B,0x8C,0x02,0x00,
		0x07,0x20,0x03,0x00,0x00,0xF1,0x87,0xF7,
		0x3B,0xBE,0xFF,0xF7,0x3F,0xFC,0xCE,0x7B,
		0x9E,0xFC,0x00,0x10,0x00,0x00,0x00,0x00,
		0x00,0x03,0x00,0x0E,0x30,0xFF,0xF3,0xFF,
		0xCF,0xFF,0xFF,0xFE,0x7C,0xF3,0xB9,0x79,
		0x80,0x07,0x00,0x33,0x00,0x71,0x8C,0x60,
		0xC3,0xCF,0x73,0xBC,0xCE,0x79,0xFE,0x3F,
		0xF7,0x1E,0xFC,0xE7,0x20,0x00,0x00,0x00,
		0x00,0x00,0x00,0x00,0x60,0x61,0x01,0xBF,
		0xDF,0x7F,0xFF,0xFF,0xFF,0xCF,0xFB,0x9F,
		0xEF,0x77,0x63,0x00,0x18,0x01,0xC7,0x00,
		0x30,0x18,0xDE,0x73,0x7D,0x8F,0x9E,0xFE,
		0xFF,0x8F,0x9F,0x0F,0xF3,0x87,0xFC,0x00,
		0x00,0x00,0x00,0x00,0x00,0x00,0x01,0x80,
		0x03,0x0E,0x7F,0xFF,0xFF,0xFF,0xFF,
};
static char achPhonemeTH[] =
{
		0xC7,0x37,0xB3,0x9C,0x73,0x98,0xE3,0x86,
		0x40,0xC6,0x80,0x38,0x30,0x8E,0x70,0xE7,
		0x1D,0x87,0x39,0xBC,0xC6,0x71,0xE3,0x11,
		0xC7,0x1C,0xF3,0x01,0xCE,0x64,0x31,0xCE,
		0x60,0xE2,0x31,0xC6,0x18,0xE7,0x87,0x00,
		0x80,0x0C,0x63,0x1C,0xE7,0x79,0xC3,0xE0,
		0xC0,0x00,0x0C,0x70,0xC3,0xE7,0x8E,0x60,
		0x0E,0x78,0x38,0x70,0xE1,0x30,0xC1,0xC3,
		0x39,0x9C,0x3E,0x78,0xF1,0xCE,0xC7,0x1C,
		0x1C,0x0F,0x1C,0x7E,0x78,0xD1,0xC7,0x07,
		0xCE,0x3E,0x39,0x99,0xF8,0xE3,0xB1,0xCD,
		0x8E,0x39,0xCE,0x66,0x18,0xF8,0xC7,0x38,
		0xCE,0x18,0xE3,0x8C,0xE1,0xC3,0x81,0xC7,
		0x18,0xC3,0x38,0x1C,0x71,0xC0,0xF0,0xC7,
		0x38,0xCE,0x38,0x70,0x0C,0xC6,0x33,0x88,
		0x0E,0x70,0x30,0xC7,0x67,0x18,0xC3,0x39,
		0x9C,0xE3,0x1C,0xCE,0x71,0x88,0x0C,0x3C,
		0x61,0xF1,0x8F,0xFF,0x8E,0x70,0x3C,0x70,
		0xC1,0x81,0x0E,0x23,0x1C,0x4E,0x70,0x61,
		0x81,0x86,0x03,0x00,0x00,0x38,0x03,0xC3,
		0x87,0xC7,0x87,0x1E,0x0E,0x7C,0xF1,0xF1,
		0x8E,0x73,0x9F,0xCF,0x1E,0x3B,0x9C,0xF0,
		0xC1,0xF3,0x1C,0xE3,0x1C,0xCC,0x78,0x70,
		0xF1,0x8E,0x0C,0x87,0x30,0x18,0xE1,0x88,
		0x7C,0x33,0xCE,0x38,0x38,0x61,0x83,0x0E,
		0x01,0x98,0x00,0xCE,0x31,0xCC,0x8F,0x07,
		0x0F,0x38,0x37,0x1C,0xE1,0xC3,0x78,0xF1,
		0x8C,0x38,0x70,0xC1,0xC3,0x9C,0x8E,0x4D,
		0x1C,0x60,0x38,0xCE,0x72,0x1C,0x70,0x01,
		0xC7,0xC3,0x03,0xC7,0x0F,0x51,0xF1,0x98,
		0xE3,0xE0,0xDC,0x71,0x8E,0x70,0x38,0xC6,
		0x30,0xC7,0x0C,0x03,0x82,0x00,0xC7,0x1C,
		0x39,0x9F,0x82,0x01,0x06,0x70,0x38,0x00,
		0x00,0x01,0xB9,0xC7,0xFC,0xF3,0x9E,0x67,
		0xFF,0xFF,0xBD,0xFC,0xE7,0xC7,0xCF,0x79,
		0x9E,0x33,0x38,0xC4,0x63,0x0C,0xE3,0x1C,
		0xC6,0x7D,0xE6,0x0F,0x70,0x78,0xE6,0x6F,
		0x38,0xE3,0x00,0x02,0x08,0x73,0x9C,0xE7,
		0xF3,0x7F,0x8F,0x1C,0x61,0x80,0xE1,0x08,
		0xE3,0x1E,0xFC,0x33,0x8E,0x7E,0x70,0xE7,
		0x10,0x8C,0x00,0x0E,0x3C,0x62,0x00,0xC7,
		0x01,0xC6,0x38,0xCC,0x71,0x80,0xF1,0xC6,
		0x10,0x66,0x38,0xC7,0x3C,0xC6,0x73,0x18,
		0x3C,0x30,0xF8,0x63,0x91,0x30,0xC7,0x39,
		0x8C,0x67,0x39,0xCF,0xE3,0x99,0x8E,0x71,
		0xC8,0xE3,0x18,0xC3,0x03,0x00,0x0E,0x70,
		0x02,0x1C,0x1C,0xC3,0xC3,0x1C,0x78,0x71,
		0xC1,0xE7,0x39,0xC7,0xF0,0x78,0x7C,0x79,
		0x19,0xC6,0x39,0xC7,0x1E,0x23,0x06,0x33,
		0x38,0xF1,0xCF,0x71,0x8C,0x71,0x38,0x3C,
		0xE7,0x38,0x07,0x31,0x84,0x03,0x8C,0x18,
		0x60,0xE1,0xC6,0x7F,0x87,0x39,0x8E,0x06,
		0x18,0xE3,0x81,0xC7,0x78,0xF4,0x78,0xF0,
		0xC8,0x87,0x1C,0x0E,0x38,0x1C,0x71,0x18,
		0xC3,0x08,0x03,0x0F,0x3F,0xF9,0xC7,0x39,
		0xC6,0x73,0x9C,0xE4,0x38,0x7E,0x38,0x8E,
		0x63,0x1E,0x06,0x71,0x86,0xE3,0x80,0xC3,
		0x11,0x8C,0x00,0x0E,0x07,0x04,0x06,0x30,
		0xC1,0xE7,0x3D,0xE1,0xC6,0x77,0x38,0x38,
		0x78,0x30,0xDC,0x61,0xCE,0x33,0x1C,0xE2,
		0x38,0xEC,0xE3,0x1C,0xE3,0x30,0xE0,0xC3,
		0x01,0xC7,0x38,0x39,0x99,0x39,0x87,0xC1,
		0xC7,0x18,0xC6,0x63,0x9C,0xE7,0x3E,0x38,
		0x71,0xCE,0x23,0x0F,0x1E,0x79,0x01,0x99,
		0xC1,0xC7,0x83,0x8C,0x78,0xF0,0xE0,0x38,
		0x78,0x0E,0x0F,0x8E,0x38,0xC7,0xC7,0x0E,
		0xE6,0x33,0x8E,0xC0,0xE3,0x1C,0x70,0x0E,
		0x39,0x8F,0x0E,0x1C,0xC3,0xE7,0x81,0xE3,
		0x82,0x30,0x20,0x7C,0x78,0x71,0x63,0x87,
		0x0E,0x63,0x1E,0x3C,0x71,0xF8,0xE7,0x38,
		0xC2,0xE3,0x19,0x8E,0x71,0x8C,0xC7,0x39,
		0x3F,0xC7,0x39,0x8E,0x30,0xCE,0x70,
};
static char achPhonemeZH[] =
{
		0x00,0xF8,0x3F,0xE1,0xFF,0xF7,0x8F,0xFF,
		0xC1,0xFC,0x0F,0x01,0xE3,0xC0,0xFF,0x01,
		0xC1,0xE6,0x0F,0xF0,0x03,0xF8,0x3F,0x00,
		0x3F,0x00,0xFF,0x80,0x7F,0xF0,0x3F,0xC0,
		0x7F,0x81,0xFF,0x06,0x1F,0x00,0x7C,0x00,
		0x0E,0x01,0xE0,0x03,0xC7,0xF8,0x3F,0xFE,
		0x3F,0xFC,0x3F,0x07,0xDE,0x1E,0x06,0x3C,
		0x07,0x83,0x80,0xFC,0x00,0xFF,0x87,0x1E,
		0x3C,0x7C,0x7C,0x3F,0x07,0x80,0x7C,0x38,
		0x3C,0x20,0xF8,0x3F,0x00,0x18,0x07,0xC0,
		0x01,0xC0,0xF0,0x03,0xE0,0x07,0xE0,0x3F,
		0xC1,0xFF,0xE0,0x7F,0xE0,0xFC,0x7C,0x1C,
		0xC0,0x1F,0xC0,0x3F,0x80,0x0C,0x3E,0x1E,
		0x0F,0xC0,0xFC,0x3F,0xC0,0x1E,0x38,0x03,
		0xF0,0x3F,0xF0,0x78,0xF8,0xE0,0xFE,0x07,
		0x80,0xF8,0x00,0x3C,0x0F,0x00,0x07,0x80,
		0x1F,0x88,0x1F,0xFE,0x7F,0xFC,0x7F,0xF0,
		0x1F,0x87,0x03,0xE0,0xC0,0xF0,0xC3,0xC0,
		0x83,0xE0,0xFE,0x07,0xC7,0x0F,0xC0,0x7C,
		0x7C,0x38,0xFF,0x03,0xFE,0x07,0x80,0x7C,
		0x1F,0x00,0x1C,0x00,0xF0,0x03,0xC0,0x00,
		0x00,0x40,0x01,0xFC,0x0F,0xC1,0xFF,0x0F,
		0xFF,0x07,0xFE,0x03,0xF8,0x0F,0xF8,0x03,
		0xF0,0x00,0xFC,0x07,0x1E,0x01,0xE3,0xC0,
		0xFF,0x00,0xFF,0xC0,0xF8,0x3C,0x7C,0x80,
		0x1F,0x07,0x80,0xF8,0xF0,0x03,0xE0,0x00,
		0xF0,0x03,0x00,0x07,0x00,0x0F,0xF0,0x7C,
		0x7F,0xF3,0xFF,0x1F,0xE0,0x3F,0x87,0x80,
		0x3F,0xC0,0x0F,0xC0,0x71,0xF8,0x18,0xF0,
		0x1F,0xE0,0xFC,0x70,0xF0,0x7C,0x1C,0xE7,
		0x87,0x1F,0x07,0x8F,0x81,0xFF,0xE0,0x78,
		0x01,0x80,0x20,0x00,0x00,0x03,0xE0,0x07,
		0xFE,0x3C,0x0F,0xFC,0x7E,0x3F,0xE0,0x1F,
		0x80,0xF8,0x03,0xF8,0x01,0xFF,0x80,0x7F,
		0x07,0x83,0xF0,0xF8,0xFE,0x1F,0x00,0x39,
		0xF0,0x0F,0x80,0x3F,0x03,0xE3,0xC0,0x7F,
		0xE0,0x0F,0x80,0xF0,0x00,0x86,0x00,0x00,
		0x78,0x00,0xFC,0x07,0xF1,0xFF,0xC0,0xFF,
		0x0F,0xFC,0x3F,0xC0,0xF3,0x83,0xC0,0xE1,
		0xC0,0x03,0xE1,0xC1,0x8F,0x83,0xE0,0xFC,
		0x1F,0xE3,0x07,0x87,0x1E,0x3E,0x0C,0x3E,
		0x07,0xE0,0xE1,0xC0,0x0F,0xC0,0x3F,0x00,
		0x00,0x00,0xC0,0x00,0x03,0xE0,0x07,0xFF,
		0xE3,0xFF,0x0F,0xCF,0xC1,0xF8,0x07,0xE0,
		0x7F,0xC0,0xE3,0xC0,0x7F,0x0C,0x3F,0x00,
		0xFC,0x0F,0x8E,0x1F,0x3C,0xC1,0xFF,0x03,
		0xE7,0xC0,0xFF,0x00,0xFF,0x00,0x3F,0x80,
		0x3F,0x80,0x3F,0x00,0xFF,0x01,0xFF,0x01,
		0xFF,0xFE,0x1F,0xFE,0x70,0xF8,0x3F,0x81,
		0xF8,0x70,0x03,0xFE,0x07,0xF0,0x00,0x7C,
		0x38,0x78,0xF8,0x3F,0xE0,0xF0,0xF9,0xC0,
		0xFE,0x07,0xFF,0x03,0xF0,0x1F,0x83,0x00,
		0xFC,0x00,0xFE,0x01,0xC0,0x07,0xC0,0x3F,
		0x00,0xFC,0x3F,0xE3,0xFF,0xFB,0xF0,0x7F,
		0xC0,0x0F,0xE0,0x00,0x01,0xFC,0x07,0xFF,
		0xC0,0x0F,0xFC,0x03,0xF8,0x0F,0xF0,0x07,
		0xE0,0xF7,0xC1,0xE1,0xFF,0x80,0xFE,0x01,
		0xF0,0x1F,0xC0,0x00,0x00,0x00,0x3F,0x80,
		0x1F,0xC0,0x3F,0x07,0xFF,0x1F,0xBF,0xC0,
		0x3F,0x8F,0xE0,0x07,0xF0,0x60,0x7F,0x00,
		0xFF,0xE0,0x1F,0x0F,0x07,0x0F,0x9C,0x3E,
		0xF0,0x7E,0x03,0xC3,0xE0,0x86,0xFC,0x07,
		0xE0,0xF8,0x00,0x7E,0x00,0x38,0x00,0x00,
		0xC0,0x00,0x00,0xFF,0x01,0xFF,0xFE,0x0F,
		0xFF,0x03,0xFE,0xF0,0x7C,0xFC,0x1E,0x00,
		0x7E,0x00,0xFE,0x00,0x3F,0x00,0xF8,0x7E,
		0x3E,0xF0,0xF0,0x70,0xF3,0x83,0xC0,0xF8,
		0x78,0x03,0xF0,0xE0,0x07,0xF0,0x07,0xF0,
		0x00,0xE0,0x00,0x00,0x01,0xFF,0x80,0xFF,
		0x81,0xFF,0xF0,0xFF,0xE7,0xE0,0x3F,0xF0,
		0x03,0x8F,0x01,0xC1,0xEF,0x00,0x7F,0xF0,
		0x3F,0xC1,0xFF,0xC0,0xFF,0x00,0x3F,
};

PHONEME aPhoneme[] =
{
    {" " , achPhonemeSpace, ARRAYSIZE_M(achPhonemeSpace)},
    {"E" , achPhonemeEE   , ARRAYSIZE_M(achPhonemeEE)/2},
    {"U" , achPhonemeU    , ARRAYSIZE_M(achPhonemeU)},
    {"A" , achPhonemeA    , ARRAYSIZE_M(achPhonemeA)},
    {"B" , achPhonemeB    , ARRAYSIZE_M(achPhonemeB)},
    {"C" , achPhonemeCH   , ARRAYSIZE_M(achPhonemeCH)/2},
    {"D" , achPhonemeD    , ARRAYSIZE_M(achPhonemeD)},
    {"G" , achPhonemeG    , ARRAYSIZE_M(achPhonemeG)},
    {"J" , achPhonemeJ    , ARRAYSIZE_M(achPhonemeJ)},
    {"P" , achPhonemeP    , ARRAYSIZE_M(achPhonemeP)},
    {"T" , achPhonemeT    , ARRAYSIZE_M(achPhonemeT)},
    {"K" , achPhonemeK    , ARRAYSIZE_M(achPhonemeK)},
    {"W" , achPhonemeW    , ARRAYSIZE_M(achPhonemeW)},
    {"Y" , achPhonemeY    , ARRAYSIZE_M(achPhonemeY)},
    {"R" , achPhonemeR    , ARRAYSIZE_M(achPhonemeR)},
    {"L" , achPhonemeL    , ARRAYSIZE_M(achPhonemeL)},
    {"M" , achPhonemeM    , ARRAYSIZE_M(achPhonemeM)},
    {"N" , achPhonemeN    , ARRAYSIZE_M(achPhonemeN)},
    {"O" , achPhonemeOH   , ARRAYSIZE_M(achPhonemeOH)/2},
    {"S" , achPhonemeS    , ARRAYSIZE_M(achPhonemeS)},
    {"V" , achPhonemeV    , ARRAYSIZE_M(achPhonemeV)},
    {"F" , achPhonemeF    , ARRAYSIZE_M(achPhonemeF)},
    {"H" , achPhonemeH    , ARRAYSIZE_M(achPhonemeH)},
    {"Z" , achPhonemeZ    , ARRAYSIZE_M(achPhonemeZ)},
    {"AW", achPhonemeAW   , ARRAYSIZE_M(achPhonemeAW)},
    {"AH", achPhonemeAH   , ARRAYSIZE_M(achPhonemeAH)},
    {"UH", achPhonemeUH   , ARRAYSIZE_M(achPhonemeUH)},
    {"AE", achPhonemeAE   , ARRAYSIZE_M(achPhonemeAE)},
    {"OH", achPhonemeOH   , ARRAYSIZE_M(achPhonemeOH)},
    {"EH", achPhonemeEH   , ARRAYSIZE_M(achPhonemeEH)},
    {"OO", achPhonemeOO   , ARRAYSIZE_M(achPhonemeOO)},
    {"IH", achPhonemeIH   , ARRAYSIZE_M(achPhonemeIH)},
    {"EE", achPhonemeEE   , ARRAYSIZE_M(achPhonemeEE)},
    {"WH", achPhonemeWH   , ARRAYSIZE_M(achPhonemeWH)},
    {"CH", achPhonemeCH   , ARRAYSIZE_M(achPhonemeCH)},
    {"SH", achPhonemeSH   , ARRAYSIZE_M(achPhonemeSH)},
    {"TZ", achPhonemeTZ   , ARRAYSIZE_M(achPhonemeTZ)},
    {"TH", achPhonemeTH   , ARRAYSIZE_M(achPhonemeTH)},
    {"ZH", achPhonemeZH   , ARRAYSIZE_M(achPhonemeZH)},
};
/***************************************************************************
 * PlayPhoneme
 *
 * Description - This function puts the data thru the loudspeaker at the
 *               correct rate
 *
 * Arguements  - Pointer to the phoneme data to process
 *
 * Returns     - None
 *
 ***************************************************************************/
void PlayPhoneme (const PHONEME *pPhoneme)
{
unsigned char  uchPort,
               uchPortOn,
               uchPortOff,
               uchBitNdx,
              *puchData;
char           chData,
               chRepeatCnt;
short          sVoiceNdx;

    uchPort     = (unsigned char)inportb(0x61);
    uchPortOn   = uchPort & 0xFC;         // Port On byte
    uchPortOff  = uchPort | 0x02;         // Port Off byte
    for(chRepeatCnt = strlen(pPhoneme->pszPhoneme); chRepeatCnt--;)
    {
        for(puchData=(unsigned char *)pPhoneme->achVoice, sVoiceNdx=pPhoneme->uiPhonemeSiz;
            sVoiceNdx-- > 0; )
        {
            chData = *puchData++;
            for(uchBitNdx=0; ; )
            {
                do
                {
                    asm in al, 61H
                } while((_AL & 0x10) != 0);
                _AL = (signed char)(chData <<= 1) < 0 ? uchPortOff : uchPortOn;
                asm mov dx, 61H
                asm out dx, al
                if(++uchBitNdx == 8)  // Every bit has a 30 microsec delay except the last
                {
                    break;
                }
                /* End of 30 microsec delay */
                do
                {
                    asm in al, 61H
                } while((_AL & 0x10) == 0);
            }
        }
    }
    outportb(0x61, uchPort);
};
/***************************************************************************
 * MatchPhoneme
 *
 * Description - This function gives the search criterion for the phoneme
 *
 * Arguements  -
 *
 * Returns     - Matching element or NULL
 *
 ***************************************************************************/
static int MatchPhoneme (const void *paPhoneme, const void *pszPhoneme)
{
    return(strcmpi(((PHONEME *)paPhoneme)->pszPhoneme, pszPhoneme));
}
/***************************************************************************
 * FindPhoneme
 *
 * Description - This function gives the search criterion for the phoneme
 *
 * Arguements  -
 *
 * Returns     - Matching element or NULL
 *
 ***************************************************************************/
PHONEME *FindPhoneme (const char *pszPhoneme)
{
    return(SearchArray((void **)aPhoneme,
                       sizeof(aPhoneme[0]),
                       sizeof(aPhoneme)/sizeof(aPhoneme[0]),
                       MatchPhoneme,
                       pszPhoneme));
}
